tabela_id,uf_nome,sexo,variavel_nome,unidade_medida,valor,ano,trimestre,periodo_label,valor_imputado,is_outlier,indicador_tabela,valor_normalizado,faixa_rendimento,gap_salarial_pct
4093,Paraná,Masculino,Pessoas de 14 anos ou mais de idade ocupadas na semana de referência,Mil pessoas,3210.0,2020,1,2020-T1,3210.0,False,Força de trabalho e informalidade,0.8538205980066446,Não se aplica,37.33
4093,Paraná,Feminino,Pessoas de 14 anos ou mais de idade ocupadas na semana de referência,Mil pessoas,2374.0,2020,1,2020-T1,2374.0,False,Força de trabalho e informalidade,0.39091915836101887,Não se aplica,37.33
4093,Paraná,Masculino,Taxa de informalidade das pessoas de 14 anos ou mais de idade ocupadas na semana de referência,%,32.4,2020,1,2020-T1,32.4,False,Força de trabalho e informalidade,0.8514851485148518,Não se aplica,37.33
4093,Paraná,Feminino,Taxa de informalidade das pessoas de 14 anos ou mais de idade ocupadas na semana de referência,%,30.8,2020,1,2020-T1,30.8,False,Força de trabalho e informalidade,0.6930693069306932,Não se aplica,37.33
4093,Paraná,Masculino,Pessoas de 14 anos ou mais de idade ocupadas na semana de referência,Mil pessoas,,2020,2,2020-T2,3390.4375,False,Força de trabalho e informalidade,0.9537306201550387,Não se aplica,
4093,Paraná,Feminino,Pessoas de 14 anos ou mais de idade ocupadas na semana de referência,Mil pessoas,,2020,2,2020-T2,2599.875,False,Força de trabalho e informalidade,0.5159883720930233,Não se aplica,
4093,Paraná,Masculino,Taxa de informalidade das pessoas de 14 anos ou mais de idade ocupadas na semana de referência,%,,2020,2,2020-T2,32.6375,False,Força de trabalho e informalidade,0.8750000000000004,Não se aplica,
4093,Paraná,Feminino,Taxa de informalidade das pessoas de 14 anos ou mais de idade ocupadas na semana de referência,%,,2020,2,2020-T2,30.56875,False,Força de trabalho e informalidade,0.6701732673267329,Não se aplica,
4093,Paraná,Masculino,Pessoas de 14 anos ou mais de idade ocupadas na semana de referência,Mil pessoas,,2020,3,2020-T3,3390.4375,False,Força de trabalho e informalidade,0.9537306201550387,Não se aplica,
4093,Paraná,Feminino,Pessoas de 14 anos ou mais de idade ocupadas na semana de referência,Mil pessoas,,2020,3,2020-T3,2599.875,False,Força de trabalho e informalidade,0.5159883720930233,Não se aplica,
4093,Paraná,Masculino,Taxa de informalidade das pessoas de 14 anos ou mais de idade ocupadas na semana de referência,%,,2020,3,2020-T3,32.6375,False,Força de trabalho e informalidade,0.8750000000000004,Não se aplica,
4093,Paraná,Feminino,Taxa de informalidade das pessoas de 14 anos ou mais de idade ocupadas na semana de referência,%,,2020,3,2020-T3,30.56875,False,Força de trabalho e informalidade,0.6701732673267329,Não se aplica,
4093,Paraná,Masculino,Pessoas de 14 anos ou mais de idade ocupadas na semana de referência,Mil pessoas,,2020,4,2020-T4,3390.4375,False,Força de trabalho e informalidade,0.9537306201550387,Não se aplica,
4093,Paraná,Feminino,Pessoas de 14 anos ou mais de idade ocupadas na semana de referência,Mil pessoas,,2020,4,2020-T4,2599.875,False,Força de trabalho e informalidade,0.5159883720930233,Não se aplica,
4093,Paraná,Masculino,Taxa de informalidade das pessoas de 14 anos ou mais de idade ocupadas na semana de referência,%,,2020,4,2020-T4,32.6375,False,Força de trabalho e informalidade,0.8750000000000004,Não se aplica,
4093,Paraná,Feminino,Taxa de informalidade das pessoas de 14 anos ou mais de idade ocupadas na semana de referência,%,,2020,4,2020-T4,30.56875,False,Força de trabalho e informalidade,0.6701732673267329,Não se aplica,
4093,Paraná,Masculino,Pessoas de 14 anos ou mais de idade ocupadas na semana de referência,Mil pessoas,,2021,1,2021-T1,3390.4375,False,Força de trabalho e informalidade,0.9537306201550387,Não se aplica,
4093,Paraná,Feminino,Pessoas de 14 anos ou mais de idade ocupadas na semana de referência,Mil pessoas,,2021,1,2021-T1,2599.875,False,Força de trabalho e informalidade,0.5159883720930233,Não se aplica,
4093,Paraná,Masculino,Taxa de informalidade das pessoas de 14 anos ou mais de idade ocupadas na semana de referência,%,,2021,1,2021-T1,32.6375,False,Força de trabalho e informalidade,0.8750000000000004,Não se aplica,
4093,Paraná,Feminino,Taxa de informalidade das pessoas de 14 anos ou mais de idade ocupadas na semana de referência,%,,2021,1,2021-T1,30.56875,False,Força de trabalho e informalidade,0.6701732673267329,Não se aplica,
4093,Paraná,Masculino,Pessoas de 14 anos ou mais de idade ocupadas na semana de referência,Mil pessoas,,2021,2,2021-T2,3390.4375,False,Força de trabalho e informalidade,0.9537306201550387,Não se aplica,
4093,Paraná,Feminino,Pessoas de 14 anos ou mais de idade ocupadas na semana de referência,Mil pessoas,,2021,2,2021-T2,2599.875,False,Força de trabalho e informalidade,0.5159883720930233,Não se aplica,
4093,Paraná,Masculino,Taxa de informalidade das pessoas de 14 anos ou mais de idade ocupadas na semana de referência,%,,2021,2,2021-T2,32.6375,False,Força de trabalho e informalidade,0.8750000000000004,Não se aplica,
4093,Paraná,Feminino,Taxa de informalidade das pessoas de 14 anos ou mais de idade ocupadas na semana de referência,%,,2021,2,2021-T2,30.56875,False,Força de trabalho e informalidade,0.6701732673267329,Não se aplica,
4093,Paraná,Masculino,Pessoas de 14 anos ou mais de idade ocupadas na semana de referência,Mil pessoas,,2021,3,2021-T3,3390.4375,False,Força de trabalho e informalidade,0.9537306201550387,Não se aplica,
4093,Paraná,Feminino,Pessoas de 14 anos ou mais de idade ocupadas na semana de referência,Mil pessoas,,2021,3,2021-T3,2599.875,False,Força de trabalho e informalidade,0.5159883720930233,Não se aplica,
4093,Paraná,Masculino,Taxa de informalidade das pessoas de 14 anos ou mais de idade ocupadas na semana de referência,%,,2021,3,2021-T3,32.6375,False,Força de trabalho e informalidade,0.8750000000000004,Não se aplica,
4093,Paraná,Feminino,Taxa de informalidade das pessoas de 14 anos ou mais de idade ocupadas na semana de referência,%,,2021,3,2021-T3,30.56875,False,Força de trabalho e informalidade,0.6701732673267329,Não se aplica,
4093,Paraná,Masculino,Pessoas de 14 anos ou mais de idade ocupadas na semana de referência,Mil pessoas,,2021,4,2021-T4,3390.4375,False,Força de trabalho e informalidade,0.9537306201550387,Não se aplica,
4093,Paraná,Feminino,Pessoas de 14 anos ou mais de idade ocupadas na semana de referência,Mil pessoas,,2021,4,2021-T4,2599.875,False,Força de trabalho e informalidade,0.5159883720930233,Não se aplica,
4093,Paraná,Masculino,Taxa de informalidade das pessoas de 14 anos ou mais de idade ocupadas na semana de referência,%,,2021,4,2021-T4,32.6375,False,Força de trabalho e informalidade,0.8750000000000004,Não se aplica,
4093,Paraná,Feminino,Taxa de informalidade das pessoas de 14 anos ou mais de idade ocupadas na semana de referência,%,,2021,4,2021-T4,30.56875,False,Força de trabalho e informalidade,0.6701732673267329,Não se aplica,
4093,Paraná,Masculino,Pessoas de 14 anos ou mais de idade ocupadas na semana de referência,Mil pessoas,,2022,1,2022-T1,3390.4375,False,Força de trabalho e informalidade,0.9537306201550387,Não se aplica,
4093,Paraná,Feminino,Pessoas de 14 anos ou mais de idade ocupadas na semana de referência,Mil pessoas,,2022,1,2022-T1,2599.875,False,Força de trabalho e informalidade,0.5159883720930233,Não se aplica,
4093,Paraná,Masculino,Taxa de informalidade das pessoas de 14 anos ou mais de idade ocupadas na semana de referência,%,,2022,1,2022-T1,32.6375,False,Força de trabalho e informalidade,0.8750000000000004,Não se aplica,
4093,Paraná,Feminino,Taxa de informalidade das pessoas de 14 anos ou mais de idade ocupadas na semana de referência,%,,2022,1,2022-T1,30.56875,False,Força de trabalho e informalidade,0.6701732673267329,Não se aplica,
4093,Paraná,Masculino,Pessoas de 14 anos ou mais de idade ocupadas na semana de referência,Mil pessoas,3277.0,2022,2,2022-T2,3277.0,False,Força de trabalho e informalidade,0.8909191583610189,Não se aplica,36.77
4093,Paraná,Feminino,Pessoas de 14 anos ou mais de idade ocupadas na semana de referência,Mil pessoas,2514.0,2022,2,2022-T2,2514.0,False,Força de trabalho e informalidade,0.46843853820598,Não se aplica,36.77
4093,Paraná,Masculino,Taxa de informalidade das pessoas de 14 anos ou mais de idade ocupadas na semana de referência,%,33.1,2022,2,2022-T2,33.1,False,Força de trabalho e informalidade,0.9207920792079212,Não se aplica,36.77
4093,Paraná,Feminino,Taxa de informalidade das pessoas de 14 anos ou mais de idade ocupadas na semana de referência,%,31.6,2022,2,2022-T2,31.6,False,Força de trabalho e informalidade,0.7722772277227725,Não se aplica,36.77
4093,Paraná,Masculino,Pessoas de 14 anos ou mais de idade ocupadas na semana de referência,Mil pessoas,3373.0,2022,3,2022-T3,3373.0,False,Força de trabalho e informalidade,0.9440753045404208,Não se aplica,39.19
4093,Paraná,Feminino,Pessoas de 14 anos ou mais de idade ocupadas na semana de referência,Mil pessoas,2558.0,2022,3,2022-T3,2558.0,False,Força de trabalho e informalidade,0.4928017718715393,Não se aplica,39.19
4093,Paraná,Masculino,Taxa de informalidade das pessoas de 14 anos ou mais de idade ocupadas na semana de referência,%,33.5,2022,3,2022-T3,33.5,False,Força de trabalho e informalidade,0.9603960396039608,Não se aplica,39.19
4093,Paraná,Feminino,Taxa de informalidade das pessoas de 14 anos ou mais de idade ocupadas na semana de referência,%,31.1,2022,3,2022-T3,31.1,False,Força de trabalho e informalidade,0.722772277227723,Não se aplica,39.19
4093,Paraná,Masculino,Pessoas de 14 anos ou mais de idade ocupadas na semana de referência,Mil pessoas,3341.0,2022,4,2022-T4,3341.0,False,Força de trabalho e informalidade,0.9263565891472868,Não se aplica,34.71
4093,Paraná,Feminino,Pessoas de 14 anos ou mais de idade ocupadas na semana de referência,Mil pessoas,2541.0,2022,4,2022-T4,2541.0,False,Força de trabalho e informalidade,0.48338870431893677,Não se aplica,34.71
4093,Paraná,Masculino,Taxa de informalidade das pessoas de 14 anos ou mais de idade ocupadas na semana de referência,%,31.5,2022,4,2022-T4,31.5,False,Força de trabalho e informalidade,0.7623762376237626,Não se aplica,34.71
4093,Paraná,Feminino,Taxa de informalidade das pessoas de 14 anos ou mais de idade ocupadas na semana de referência,%,31.0,2022,4,2022-T4,31.0,False,Força de trabalho e informalidade,0.7128712871287131,Não se aplica,34.71
4093,Paraná,Masculino,Pessoas de 14 anos ou mais de idade ocupadas na semana de referência,Mil pessoas,3331.0,2023,1,2023-T1,3331.0,False,Força de trabalho e informalidade,0.9208194905869324,Não se aplica,33.58
4093,Paraná,Feminino,Pessoas de 14 anos ou mais de idade ocupadas na semana de referência,Mil pessoas,2465.0,2023,1,2023-T1,2465.0,False,Força de trabalho e informalidade,0.44130675526024354,Não se aplica,33.58
4093,Paraná,Masculino,Taxa de informalidade das pessoas de 14 anos ou mais de idade ocupadas na semana de referência,%,33.1,2023,1,2023-T1,33.1,False,Força de trabalho e informalidade,0.9207920792079212,Não se aplica,33.58
4093,Paraná,Feminino,Taxa de informalidade das pessoas de 14 anos ou mais de idade ocupadas na semana de referência,%,30.1,2023,1,2023-T1,30.1,False,Força de trabalho e informalidade,0.6237623762376243,Não se aplica,33.58
4093,Paraná,Masculino,Pessoas de 14 anos ou mais de idade ocupadas na semana de referência,Mil pessoas,3355.0,2023,2,2023-T2,3355.0,False,Força de trabalho e informalidade,0.9341085271317829,Não se aplica,37.33
4093,Paraná,Feminino,Pessoas de 14 anos ou mais de idade ocupadas na semana de referência,Mil pessoas,2521.0,2023,2,2023-T2,2521.0,False,Força de trabalho e informalidade,0.4723145071982281,Não se aplica,37.33
4093,Paraná,Masculino,Taxa de informalidade das pessoas de 14 anos ou mais de idade ocupadas na semana de referência,%,32.4,2023,2,2023-T2,32.4,False,Força de trabalho e informalidade,0.8514851485148518,Não se aplica,37.33
4093,Paraná,Feminino,Taxa de informalidade das pessoas de 14 anos ou mais de idade ocupadas na semana de referência,%,31.7,2023,2,2023-T2,31.7,False,Força de trabalho e informalidade,0.7821782178217824,Não se aplica,37.33
4093,Paraná,Masculino,Pessoas de 14 anos ou mais de idade ocupadas na semana de referência,Mil pessoas,3395.0,2023,3,2023-T3,3395.0,False,Força de trabalho e informalidade,0.9562569213732005,Não se aplica,31.15
4093,Paraná,Feminino,Pessoas de 14 anos ou mais de idade ocupadas na semana de referência,Mil pessoas,2512.0,2023,3,2023-T3,2512.0,False,Força de trabalho e informalidade,0.4673311184939092,Não se aplica,31.15
4093,Paraná,Masculino,Taxa de informalidade das pessoas de 14 anos ou mais de idade ocupadas na semana de referência,%,32.7,2023,3,2023-T3,32.7,False,Força de trabalho e informalidade,0.881188118811882,Não se aplica,31.15
4093,Paraná,Feminino,Taxa de informalidade das pessoas de 14 anos ou mais de idade ocupadas na semana de referência,%,31.7,2023,3,2023-T3,31.7,False,Força de trabalho e informalidade,0.7821782178217824,Não se aplica,31.15
4093,Paraná,Masculino,Pessoas de 14 anos ou mais de idade ocupadas na semana de referência,Mil pessoas,3382.0,2023,4,2023-T4,3382.0,False,Força de trabalho e informalidade,0.9490586932447397,Não se aplica,33.99
4093,Paraná,Feminino,Pessoas de 14 anos ou mais de idade ocupadas na semana de referência,Mil pessoas,2580.0,2023,4,2023-T4,2580.0,False,Força de trabalho e informalidade,0.504983388704319,Não se aplica,33.99
4093,Paraná,Masculino,Taxa de informalidade das pessoas de 14 anos ou mais de idade ocupadas na semana de referência,%,31.9,2023,4,2023-T4,31.9,False,Força de trabalho e informalidade,0.8019801980198022,Não se aplica,33.99
4093,Paraná,Feminino,Taxa de informalidade das pessoas de 14 anos ou mais de idade ocupadas na semana de referência,%,31.1,2023,4,2023-T4,31.1,False,Força de trabalho e informalidade,0.722772277227723,Não se aplica,33.99
4093,Paraná,Masculino,Pessoas de 14 anos ou mais de idade ocupadas na semana de referência,Mil pessoas,3429.0,2024,1,2024-T1,3429.0,False,Força de trabalho e informalidade,0.9750830564784053,Não se aplica,30.87
4093,Paraná,Feminino,Pessoas de 14 anos ou mais de idade ocupadas na semana de referência,Mil pessoas,2587.0,2024,1,2024-T1,2587.0,False,Força de trabalho e informalidade,0.5088593576965671,Não se aplica,30.87
4093,Paraná,Masculino,Taxa de informalidade das pessoas de 14 anos ou mais de idade ocupadas na semana de referência,%,32.8,2024,1,2024-T1,32.8,False,Força de trabalho e informalidade,0.891089108910891,Não se aplica,30.87
4093,Paraná,Feminino,Taxa de informalidade das pessoas de 14 anos ou mais de idade ocupadas na semana de referência,%,29.6,2024,1,2024-T1,29.6,False,Força de trabalho e informalidade,0.5742574257425748,Não se aplica,30.87
4093,Paraná,Masculino,Pessoas de 14 anos ou mais de idade ocupadas na semana de referência,Mil pessoas,3430.0,2024,2,2024-T2,3430.0,False,Força de trabalho e informalidade,0.9756367663344406,Não se aplica,32.89
4093,Paraná,Feminino,Pessoas de 14 anos ou mais de idade ocupadas na semana de referência,Mil pessoas,2592.0,2024,2,2024-T2,2592.0,False,Força de trabalho e informalidade,0.5116279069767441,Não se aplica,32.89
4093,Paraná,Masculino,Taxa de informalidade das pessoas de 14 anos ou mais de idade ocupadas na semana de referência,%,33.8,2024,2,2024-T2,33.8,False,Força de trabalho e informalidade,0.9900990099009901,Não se aplica,32.89
4093,Paraná,Feminino,Taxa de informalidade das pessoas de 14 anos ou mais de idade ocupadas na semana de referência,%,29.9,2024,2,2024-T2,29.9,False,Força de trabalho e informalidade,0.603960396039604,Não se aplica,32.89
4093,Paraná,Masculino,Pessoas de 14 anos ou mais de idade ocupadas na semana de referência,Mil pessoas,3427.0,2024,3,2024-T3,3427.0,False,Força de trabalho e informalidade,0.9739756367663345,Não se aplica,30.18
4093,Paraná,Feminino,Pessoas de 14 anos ou mais de idade ocupadas na semana de referência,Mil pessoas,2637.0,2024,3,2024-T3,2637.0,False,Força de trabalho e informalidade,0.5365448504983389,Não se aplica,30.18
4093,Paraná,Masculino,Taxa de informalidade das pessoas de 14 anos ou mais de idade ocupadas na semana de referência,%,33.2,2024,3,2024-T3,33.2,False,Força de trabalho e informalidade,0.9306930693069311,Não se aplica,30.18
4093,Paraná,Feminino,Taxa de informalidade das pessoas de 14 anos ou mais de idade ocupadas na semana de referência,%,29.4,2024,3,2024-T3,29.4,False,Força de trabalho e informalidade,0.5544554455445545,Não se aplica,30.18
4093,Paraná,Masculino,Pessoas de 14 anos ou mais de idade ocupadas na semana de referência,Mil pessoas,3474.0,2024,4,2024-T4,3474.0,False,Força de trabalho e informalidade,0.9999999999999999,Não se aplica,34.37
4093,Paraná,Feminino,Pessoas de 14 anos ou mais de idade ocupadas na semana de referência,Mil pessoas,2686.0,2024,4,2024-T4,2686.0,False,Força de trabalho e informalidade,0.5636766334440754,Não se aplica,34.37
4093,Paraná,Masculino,Taxa de informalidade das pessoas de 14 anos ou mais de idade ocupadas na semana de referência,%,33.9,2024,4,2024-T4,33.9,False,Força de trabalho e informalidade,1.0,Não se aplica,34.37
4093,Paraná,Feminino,Taxa de informalidade das pessoas de 14 anos ou mais de idade ocupadas na semana de referência,%,30.1,2024,4,2024-T4,30.1,False,Força de trabalho e informalidade,0.6237623762376243,Não se aplica,34.37
4093,Paraná,Masculino,Pessoas de 14 anos ou mais de idade ocupadas na semana de referência,Mil pessoas,3461.0,2025,1,2025-T1,3461.0,False,Força de trabalho e informalidade,0.9928017718715393,Não se aplica,33.67
4093,Paraná,Feminino,Pessoas de 14 anos ou mais de idade ocupadas na semana de referência,Mil pessoas,2720.0,2025,1,2025-T1,2720.0,False,Força de trabalho e informalidade,0.5825027685492802,Não se aplica,33.67
4093,Paraná,Masculino,Taxa de informalidade das pessoas de 14 anos ou mais de idade ocupadas na semana de referência,%,32.7,2025,1,2025-T1,32.7,False,Força de trabalho e informalidade,0.881188118811882,Não se aplica,33.67
4093,Paraná,Feminino,Taxa de informalidade das pessoas de 14 anos ou mais de idade ocupadas na semana de referência,%,30.5,2025,1,2025-T1,30.5,False,Força de trabalho e informalidade,0.6633663366336635,Não se aplica,33.67
4093,Paraná,Masculino,Pessoas de 14 anos ou mais de idade ocupadas na semana de referência,Mil pessoas,3434.0,2025,2,2025-T2,3434.0,False,Força de trabalho e informalidade,0.9778516057585825,Não se aplica,30.97
4093,Paraná,Feminino,Pessoas de 14 anos ou mais de idade ocupadas na semana de referência,Mil pessoas,2725.0,2025,2,2025-T2,2725.0,False,Força de trabalho e informalidade,0.5852713178294574,Não se aplica,30.97
4093,Paraná,Masculino,Taxa de informalidade das pessoas de 14 anos ou mais de idade ocupadas na semana de referência,%,32.5,2025,2,2025-T2,32.5,False,Força de trabalho e informalidade,0.8613861386138617,Não se aplica,30.97
4093,Paraná,Feminino,Taxa de informalidade das pessoas de 14 anos ou mais de idade ocupadas na semana de referência,%,31.2,2025,2,2025-T2,31.2,False,Força de trabalho e informalidade,0.7326732673267329,Não se aplica,30.97
4093,Paraná,Masculino,Pessoas de 14 anos ou mais de idade ocupadas na semana de referência,Mil pessoas,3470.0,2025,3,2025-T3,3470.0,False,Força de trabalho e informalidade,0.9977851605758582,Não se aplica,36.3
4093,Paraná,Feminino,Pessoas de 14 anos ou mais de idade ocupadas na semana de referência,Mil pessoas,2778.0,2025,3,2025-T3,2778.0,False,Força de trabalho e informalidade,0.6146179401993356,Não se aplica,36.3
4093,Paraná,Masculino,Taxa de informalidade das pessoas de 14 anos ou mais de idade ocupadas na semana de referência,%,31.0,2025,3,2025-T3,31.0,False,Força de trabalho e informalidade,0.7128712871287131,Não se aplica,36.3
4093,Paraná,Feminino,Taxa de informalidade das pessoas de 14 anos ou mais de idade ocupadas na semana de referência,%,30.1,2025,3,2025-T3,30.1,False,Força de trabalho e informalidade,0.6237623762376243,Não se aplica,36.3
4093,Paraná,Masculino,Pessoas de 14 anos ou mais de idade ocupadas na semana de referência,Mil pessoas,3458.0,2025,4,2025-T4,3458.0,False,Força de trabalho e informalidade,0.9911406423034329,Não se aplica,31.45
4093,Paraná,Feminino,Pessoas de 14 anos ou mais de idade ocupadas na semana de referência,Mil pessoas,2808.0,2025,4,2025-T4,2808.0,False,Força de trabalho e informalidade,0.6312292358803987,Não se aplica,31.45
4093,Paraná,Masculino,Taxa de informalidade das pessoas de 14 anos ou mais de idade ocupadas na semana de referência,%,31.7,2025,4,2025-T4,31.7,False,Força de trabalho e informalidade,0.7821782178217824,Não se aplica,31.45
4093,Paraná,Feminino,Taxa de informalidade das pessoas de 14 anos ou mais de idade ocupadas na semana de referência,%,29.2,2025,4,2025-T4,29.2,False,Força de trabalho e informalidade,0.5346534653465347,Não se aplica,31.45
4093,Santa Catarina,Masculino,Pessoas de 14 anos ou mais de idade ocupadas na semana de referência,Mil pessoas,2123.0,2020,1,2020-T1,2123.0,False,Força de trabalho e informalidade,0.25193798449612415,Não se aplica,31.75
4093,Santa Catarina,Feminino,Pessoas de 14 anos ou mais de idade ocupadas na semana de referência,Mil pessoas,1668.0,2020,1,2020-T1,1668.0,False,Força de trabalho e informalidade,0.0,Não se aplica,31.75
4093,Santa Catarina,Masculino,Taxa de informalidade das pessoas de 14 anos ou mais de idade ocupadas na semana de referência,%,26.8,2020,1,2020-T1,26.8,False,Força de trabalho e informalidade,0.2970297029702973,Não se aplica,31.75
4093,Santa Catarina,Feminino,Taxa de informalidade das pessoas de 14 anos ou mais de idade ocupadas na semana de referência,%,24.8,2020,1,2020-T1,24.8,False,Força de trabalho e informalidade,0.0990099009900991,Não se aplica,31.75
4093,Santa Catarina,Masculino,Pessoas de 14 anos ou mais de idade ocupadas na semana de referência,Mil pessoas,,2020,2,2020-T2,2377.375,False,Força de trabalho e informalidade,0.3927879291251385,Não se aplica,
4093,Santa Catarina,Feminino,Pessoas de 14 anos ou mais de idade ocupadas na semana de referência,Mil pessoas,,2020,2,2020-T2,1894.25,False,Força de trabalho e informalidade,0.12527685492801777,Não se aplica,
4093,Santa Catarina,Masculino,Taxa de informalidade das pessoas de 14 anos ou mais de idade ocupadas na semana de referência,%,,2020,2,2020-T2,27.03125,False,Força de trabalho e informalidade,0.31992574257425765,Não se aplica,
4093,Santa Catarina,Feminino,Taxa de informalidade das pessoas de 14 anos ou mais de idade ocupadas na semana de referência,%,,2020,2,2020-T2,25.325,False,Força de trabalho e informalidade,0.1509900990099009,Não se aplica,
4093,Santa Catarina,Masculino,Pessoas de 14 anos ou mais de idade ocupadas na semana de referência,Mil pessoas,,2020,3,2020-T3,2377.375,False,Força de trabalho e informalidade,0.3927879291251385,Não se aplica,
4093,Santa Catarina,Feminino,Pessoas de 14 anos ou mais de idade ocupadas na semana de referência,Mil pessoas,,2020,3,2020-T3,1894.25,False,Força de trabalho e informalidade,0.12527685492801777,Não se aplica,
4093,Santa Catarina,Masculino,Taxa de informalidade das pessoas de 14 anos ou mais de idade ocupadas na semana de referência,%,,2020,3,2020-T3,27.03125,False,Força de trabalho e informalidade,0.31992574257425765,Não se aplica,
4093,Santa Catarina,Feminino,Taxa de informalidade das pessoas de 14 anos ou mais de idade ocupadas na semana de referência,%,,2020,3,2020-T3,25.325,False,Força de trabalho e informalidade,0.1509900990099009,Não se aplica,
4093,Santa Catarina,Masculino,Pessoas de 14 anos ou mais de idade ocupadas na semana de referência,Mil pessoas,,2020,4,2020-T4,2377.375,False,Força de trabalho e informalidade,0.3927879291251385,Não se aplica,
4093,Santa Catarina,Feminino,Pessoas de 14 anos ou mais de idade ocupadas na semana de referência,Mil pessoas,,2020,4,2020-T4,1894.25,False,Força de trabalho e informalidade,0.12527685492801777,Não se aplica,
4093,Santa Catarina,Masculino,Taxa de informalidade das pessoas de 14 anos ou mais de idade ocupadas na semana de referência,%,,2020,4,2020-T4,27.03125,False,Força de trabalho e informalidade,0.31992574257425765,Não se aplica,
4093,Santa Catarina,Feminino,Taxa de informalidade das pessoas de 14 anos ou mais de idade ocupadas na semana de referência,%,,2020,4,2020-T4,25.325,False,Força de trabalho e informalidade,0.1509900990099009,Não se aplica,
4093,Santa Catarina,Masculino,Pessoas de 14 anos ou mais de idade ocupadas na semana de referência,Mil pessoas,,2021,1,2021-T1,2377.375,False,Força de trabalho e informalidade,0.3927879291251385,Não se aplica,
4093,Santa Catarina,Feminino,Pessoas de 14 anos ou mais de idade ocupadas na semana de referência,Mil pessoas,,2021,1,2021-T1,1894.25,False,Força de trabalho e informalidade,0.12527685492801777,Não se aplica,
4093,Santa Catarina,Masculino,Taxa de informalidade das pessoas de 14 anos ou mais de idade ocupadas na semana de referência,%,,2021,1,2021-T1,27.03125,False,Força de trabalho e informalidade,0.31992574257425765,Não se aplica,
4093,Santa Catarina,Feminino,Taxa de informalidade das pessoas de 14 anos ou mais de idade ocupadas na semana de referência,%,,2021,1,2021-T1,25.325,False,Força de trabalho e informalidade,0.1509900990099009,Não se aplica,
4093,Santa Catarina,Masculino,Pessoas de 14 anos ou mais de idade ocupadas na semana de referência,Mil pessoas,,2021,2,2021-T2,2377.375,False,Força de trabalho e informalidade,0.3927879291251385,Não se aplica,
4093,Santa Catarina,Feminino,Pessoas de 14 anos ou mais de idade ocupadas na semana de referência,Mil pessoas,,2021,2,2021-T2,1894.25,False,Força de trabalho e informalidade,0.12527685492801777,Não se aplica,
4093,Santa Catarina,Masculino,Taxa de informalidade das pessoas de 14 anos ou mais de idade ocupadas na semana de referência,%,,2021,2,2021-T2,27.03125,False,Força de trabalho e informalidade,0.31992574257425765,Não se aplica,
4093,Santa Catarina,Feminino,Taxa de informalidade das pessoas de 14 anos ou mais de idade ocupadas na semana de referência,%,,2021,2,2021-T2,25.325,False,Força de trabalho e informalidade,0.1509900990099009,Não se aplica,
4093,Santa Catarina,Masculino,Pessoas de 14 anos ou mais de idade ocupadas na semana de referência,Mil pessoas,,2021,3,2021-T3,2377.375,False,Força de trabalho e informalidade,0.3927879291251385,Não se aplica,
4093,Santa Catarina,Feminino,Pessoas de 14 anos ou mais de idade ocupadas na semana de referência,Mil pessoas,,2021,3,2021-T3,1894.25,False,Força de trabalho e informalidade,0.12527685492801777,Não se aplica,
4093,Santa Catarina,Masculino,Taxa de informalidade das pessoas de 14 anos ou mais de idade ocupadas na semana de referência,%,,2021,3,2021-T3,27.03125,False,Força de trabalho e informalidade,0.31992574257425765,Não se aplica,
4093,Santa Catarina,Feminino,Taxa de informalidade das pessoas de 14 anos ou mais de idade ocupadas na semana de referência,%,,2021,3,2021-T3,25.325,False,Força de trabalho e informalidade,0.1509900990099009,Não se aplica,
4093,Santa Catarina,Masculino,Pessoas de 14 anos ou mais de idade ocupadas na semana de referência,Mil pessoas,,2021,4,2021-T4,2377.375,False,Força de trabalho e informalidade,0.3927879291251385,Não se aplica,
4093,Santa Catarina,Feminino,Pessoas de 14 anos ou mais de idade ocupadas na semana de referência,Mil pessoas,,2021,4,2021-T4,1894.25,False,Força de trabalho e informalidade,0.12527685492801777,Não se aplica,
4093,Santa Catarina,Masculino,Taxa de informalidade das pessoas de 14 anos ou mais de idade ocupadas na semana de referência,%,,2021,4,2021-T4,27.03125,False,Força de trabalho e informalidade,0.31992574257425765,Não se aplica,
4093,Santa Catarina,Feminino,Taxa de informalidade das pessoas de 14 anos ou mais de idade ocupadas na semana de referência,%,,2021,4,2021-T4,25.325,False,Força de trabalho e informalidade,0.1509900990099009,Não se aplica,
4093,Santa Catarina,Masculino,Pessoas de 14 anos ou mais de idade ocupadas na semana de referência,Mil pessoas,,2022,1,2022-T1,2377.375,False,Força de trabalho e informalidade,0.3927879291251385,Não se aplica,
4093,Santa Catarina,Feminino,Pessoas de 14 anos ou mais de idade ocupadas na semana de referência,Mil pessoas,,2022,1,2022-T1,1894.25,False,Força de trabalho e informalidade,0.12527685492801777,Não se aplica,
4093,Santa Catarina,Masculino,Taxa de informalidade das pessoas de 14 anos ou mais de idade ocupadas na semana de referência,%,,2022,1,2022-T1,27.03125,False,Força de trabalho e informalidade,0.31992574257425765,Não se aplica,
4093,Santa Catarina,Feminino,Taxa de informalidade das pessoas de 14 anos ou mais de idade ocupadas na semana de referência,%,,2022,1,2022-T1,25.325,False,Força de trabalho e informalidade,0.1509900990099009,Não se aplica,
4093,Santa Catarina,Masculino,Pessoas de 14 anos ou mais de idade ocupadas na semana de referência,Mil pessoas,2312.0,2022,2,2022-T2,2312.0,False,Força de trabalho e informalidade,0.3565891472868218,Não se aplica,36.35
4093,Santa Catarina,Feminino,Pessoas de 14 anos ou mais de idade ocupadas na semana de referência,Mil pessoas,1822.0,2022,2,2022-T2,1822.0,False,Força de trabalho e informalidade,0.0852713178294574,Não se aplica,36.35
4093,Santa Catarina,Masculino,Taxa de informalidade das pessoas de 14 anos ou mais de idade ocupadas na semana de referência,%,27.9,2022,2,2022-T2,27.9,False,Força de trabalho e informalidade,0.40594059405940586,Não se aplica,36.35
4093,Santa Catarina,Feminino,Taxa de informalidade das pessoas de 14 anos ou mais de idade ocupadas na semana de referência,%,26.4,2022,2,2022-T2,26.4,False,Força de trabalho e informalidade,0.25742574257425765,Não se aplica,36.35
4093,Santa Catarina,Masculino,Pessoas de 14 anos ou mais de idade ocupadas na semana de referência,Mil pessoas,2310.0,2022,3,2022-T3,2310.0,False,Força de trabalho e informalidade,0.35548172757475094,Não se aplica,31.19
4093,Santa Catarina,Feminino,Pessoas de 14 anos ou mais de idade ocupadas na semana de referência,Mil pessoas,1834.0,2022,3,2022-T3,1834.0,False,Força de trabalho e informalidade,0.0919158361018827,Não se aplica,31.19
4093,Santa Catarina,Masculino,Taxa de informalidade das pessoas de 14 anos ou mais de idade ocupadas na semana de referência,%,27.0,2022,3,2022-T3,27.0,False,Força de trabalho e informalidade,0.3168316831683171,Não se aplica,31.19
4093,Santa Catarina,Feminino,Taxa de informalidade das pessoas de 14 anos ou mais de idade ocupadas na semana de referência,%,24.7,2022,3,2022-T3,24.7,False,Força de trabalho e informalidade,0.08910891089108919,Não se aplica,31.19
4093,Santa Catarina,Masculino,Pessoas de 14 anos ou mais de idade ocupadas na semana de referência,Mil pessoas,2340.0,2022,4,2022-T4,2340.0,False,Força de trabalho e informalidade,0.37209302325581406,Não se aplica,32.23
4093,Santa Catarina,Feminino,Pessoas de 14 anos ou mais de idade ocupadas na semana de referência,Mil pessoas,1854.0,2022,4,2022-T4,1854.0,False,Força de trabalho e informalidade,0.10299003322259137,Não se aplica,32.23
4093,Santa Catarina,Masculino,Taxa de informalidade das pessoas de 14 anos ou mais de idade ocupadas na semana de referência,%,26.8,2022,4,2022-T4,26.8,False,Força de trabalho e informalidade,0.2970297029702973,Não se aplica,32.23
4093,Santa Catarina,Feminino,Taxa de informalidade das pessoas de 14 anos ou mais de idade ocupadas na semana de referência,%,25.0,2022,4,2022-T4,25.0,False,Força de trabalho e informalidade,0.11881188118811892,Não se aplica,32.23
4093,Santa Catarina,Masculino,Pessoas de 14 anos ou mais de idade ocupadas na semana de referência,Mil pessoas,2291.0,2023,1,2023-T1,2291.0,False,Força de trabalho e informalidade,0.3449612403100776,Não se aplica,31.13
4093,Santa Catarina,Feminino,Pessoas de 14 anos ou mais de idade ocupadas na semana de referência,Mil pessoas,1810.0,2023,1,2023-T1,1810.0,False,Força de trabalho e informalidade,0.07862679955703211,Não se aplica,31.13
4093,Santa Catarina,Masculino,Taxa de informalidade das pessoas de 14 anos ou mais de idade ocupadas na semana de referência,%,27.2,2023,1,2023-T1,27.2,False,Força de trabalho e informalidade,0.33663366336633693,Não se aplica,31.13
4093,Santa Catarina,Feminino,Taxa de informalidade das pessoas de 14 anos ou mais de idade ocupadas na semana de referência,%,24.9,2023,1,2023-T1,24.9,False,Força de trabalho e informalidade,0.10891089108910901,Não se aplica,31.13
4093,Santa Catarina,Masculino,Pessoas de 14 anos ou mais de idade ocupadas na semana de referência,Mil pessoas,2310.0,2023,2,2023-T2,2310.0,False,Força de trabalho e informalidade,0.35548172757475094,Não se aplica,26.3
4093,Santa Catarina,Feminino,Pessoas de 14 anos ou mais de idade ocupadas na semana de referência,Mil pessoas,1854.0,2023,2,2023-T2,1854.0,False,Força de trabalho e informalidade,0.10299003322259137,Não se aplica,26.3
4093,Santa Catarina,Masculino,Taxa de informalidade das pessoas de 14 anos ou mais de idade ocupadas na semana de referência,%,27.5,2023,2,2023-T2,27.5,False,Força de trabalho e informalidade,0.36633663366336666,Não se aplica,26.3
4093,Santa Catarina,Feminino,Taxa de informalidade das pessoas de 14 anos ou mais de idade ocupadas na semana de referência,%,25.8,2023,2,2023-T2,25.8,False,Força de trabalho e informalidade,0.1980198019801982,Não se aplica,26.3
4093,Santa Catarina,Masculino,Pessoas de 14 anos ou mais de idade ocupadas na semana de referência,Mil pessoas,2337.0,2023,3,2023-T3,2337.0,False,Força de trabalho e informalidade,0.3704318936877077,Não se aplica,27.56
4093,Santa Catarina,Feminino,Pessoas de 14 anos ou mais de idade ocupadas na semana de referência,Mil pessoas,1880.0,2023,3,2023-T3,1880.0,False,Força de trabalho e informalidade,0.1173864894795128,Não se aplica,27.56
4093,Santa Catarina,Masculino,Taxa de informalidade das pessoas de 14 anos ou mais de idade ocupadas na semana de referência,%,27.8,2023,3,2023-T3,27.8,False,Força de trabalho e informalidade,0.3960396039603964,Não se aplica,27.56
4093,Santa Catarina,Feminino,Taxa de informalidade das pessoas de 14 anos ou mais de idade ocupadas na semana de referência,%,25.9,2023,3,2023-T3,25.9,False,Força de trabalho e informalidade,0.2079207920792081,Não se aplica,27.56
4093,Santa Catarina,Masculino,Pessoas de 14 anos ou mais de idade ocupadas na semana de referência,Mil pessoas,2395.0,2023,4,2023-T4,2395.0,False,Força de trabalho e informalidade,0.4025470653377631,Não se aplica,30.91
4093,Santa Catarina,Feminino,Pessoas de 14 anos ou mais de idade ocupadas na semana de referência,Mil pessoas,1907.0,2023,4,2023-T4,1907.0,False,Força de trabalho e informalidade,0.13233665559246954,Não se aplica,30.91
4093,Santa Catarina,Masculino,Taxa de informalidade das pessoas de 14 anos ou mais de idade ocupadas na semana de referência,%,28.2,2023,4,2023-T4,28.2,False,Força de trabalho e informalidade,0.4356435643564356,Não se aplica,30.91
4093,Santa Catarina,Feminino,Taxa de informalidade das pessoas de 14 anos ou mais de idade ocupadas na semana de referência,%,27.0,2023,4,2023-T4,27.0,False,Força de trabalho e informalidade,0.3168316831683171,Não se aplica,30.91
4093,Santa Catarina,Masculino,Pessoas de 14 anos ou mais de idade ocupadas na semana de referência,Mil pessoas,2391.0,2024,1,2024-T1,2391.0,False,Força de trabalho e informalidade,0.40033222591362116,Não se aplica,27.91
4093,Santa Catarina,Feminino,Pessoas de 14 anos ou mais de idade ocupadas na semana de referência,Mil pessoas,1902.0,2024,1,2024-T1,1902.0,False,Força de trabalho e informalidade,0.12956810631229232,Não se aplica,27.91
4093,Santa Catarina,Masculino,Taxa de informalidade das pessoas de 14 anos ou mais de idade ocupadas na semana de referência,%,28.1,2024,1,2024-T1,28.1,False,Força de trabalho e informalidade,0.4257425742574261,Não se aplica,27.91
4093,Santa Catarina,Feminino,Taxa de informalidade das pessoas de 14 anos ou mais de idade ocupadas na semana de referência,%,26.6,2024,1,2024-T1,26.6,False,Força de trabalho e informalidade,0.2772277227722775,Não se aplica,27.91
4093,Santa Catarina,Masculino,Pessoas de 14 anos ou mais de idade ocupadas na semana de referência,Mil pessoas,2432.0,2024,2,2024-T2,2432.0,False,Força de trabalho e informalidade,0.42303433001107427,Não se aplica,31.05
4093,Santa Catarina,Feminino,Pessoas de 14 anos ou mais de idade ocupadas na semana de referência,Mil pessoas,1925.0,2024,2,2024-T2,1925.0,False,Força de trabalho e informalidade,0.14230343300110737,Não se aplica,31.05
4093,Santa Catarina,Masculino,Taxa de informalidade das pessoas de 14 anos ou mais de idade ocupadas na semana de referência,%,27.9,2024,2,2024-T2,27.9,False,Força de trabalho e informalidade,0.40594059405940586,Não se aplica,31.05
4093,Santa Catarina,Feminino,Taxa de informalidade das pessoas de 14 anos ou mais de idade ocupadas na semana de referência,%,26.1,2024,2,2024-T2,26.1,False,Força de trabalho e informalidade,0.22772277227722793,Não se aplica,31.05
4093,Santa Catarina,Masculino,Pessoas de 14 anos ou mais de idade ocupadas na semana de referência,Mil pessoas,2464.0,2024,3,2024-T3,2464.0,False,Força de trabalho e informalidade,0.44075304540420823,Não se aplica,31.77
4093,Santa Catarina,Feminino,Pessoas de 14 anos ou mais de idade ocupadas na semana de referência,Mil pessoas,1964.0,2024,3,2024-T3,1964.0,False,Força de trabalho e informalidade,0.1638981173864894,Não se aplica,31.77
4093,Santa Catarina,Masculino,Taxa de informalidade das pessoas de 14 anos ou mais de idade ocupadas na semana de referência,%,27.5,2024,3,2024-T3,27.5,False,Força de trabalho e informalidade,0.36633663366336666,Não se aplica,31.77
4093,Santa Catarina,Feminino,Taxa de informalidade das pessoas de 14 anos ou mais de idade ocupadas na semana de referência,%,26.1,2024,3,2024-T3,26.1,False,Força de trabalho e informalidade,0.22772277227722793,Não se aplica,31.77
4093,Santa Catarina,Masculino,Pessoas de 14 anos ou mais de idade ocupadas na semana de referência,Mil pessoas,2458.0,2024,4,2024-T4,2458.0,False,Força de trabalho e informalidade,0.4374307862679955,Não se aplica,30.14
4093,Santa Catarina,Feminino,Pessoas de 14 anos ou mais de idade ocupadas na semana de referência,Mil pessoas,1968.0,2024,4,2024-T4,1968.0,False,Força de trabalho e informalidade,0.16611295681063132,Não se aplica,30.14
4093,Santa Catarina,Masculino,Taxa de informalidade das pessoas de 14 anos ou mais de idade ocupadas na semana de referência,%,26.5,2024,4,2024-T4,26.5,False,Força de trabalho e informalidade,0.26732673267326756,Não se aplica,30.14
4093,Santa Catarina,Feminino,Taxa de informalidade das pessoas de 14 anos ou mais de idade ocupadas na semana de referência,%,24.6,2024,4,2024-T4,24.6,False,Força de trabalho e informalidade,0.07920792079207928,Não se aplica,30.14
4093,Santa Catarina,Masculino,Pessoas de 14 anos ou mais de idade ocupadas na semana de referência,Mil pessoas,2450.0,2025,1,2025-T1,2450.0,False,Força de trabalho e informalidade,0.4330011074197121,Não se aplica,30.8
4093,Santa Catarina,Feminino,Pessoas de 14 anos ou mais de idade ocupadas na semana de referência,Mil pessoas,1965.0,2025,1,2025-T1,1965.0,False,Força de trabalho e informalidade,0.16445182724252494,Não se aplica,30.8
4093,Santa Catarina,Masculino,Taxa de informalidade das pessoas de 14 anos ou mais de idade ocupadas na semana de referência,%,26.1,2025,1,2025-T1,26.1,False,Força de trabalho e informalidade,0.22772277227722793,Não se aplica,30.8
4093,Santa Catarina,Feminino,Taxa de informalidade das pessoas de 14 anos ou mais de idade ocupadas na semana de referência,%,24.3,2025,1,2025-T1,24.3,False,Força de trabalho e informalidade,0.04950495049504955,Não se aplica,30.8
4093,Santa Catarina,Masculino,Pessoas de 14 anos ou mais de idade ocupadas na semana de referência,Mil pessoas,2448.0,2025,2,2025-T2,2448.0,False,Força de trabalho e informalidade,0.43189368770764125,Não se aplica,32.84
4093,Santa Catarina,Feminino,Pessoas de 14 anos ou mais de idade ocupadas na semana de referência,Mil pessoas,1982.0,2025,2,2025-T2,1982.0,False,Força de trabalho e informalidade,0.17386489479512746,Não se aplica,32.84
4093,Santa Catarina,Masculino,Taxa de informalidade das pessoas de 14 anos ou mais de idade ocupadas na semana de referência,%,25.5,2025,2,2025-T2,25.5,False,Força de trabalho e informalidade,0.16831683168316847,Não se aplica,32.84
4093,Santa Catarina,Feminino,Taxa de informalidade das pessoas de 14 anos ou mais de idade ocupadas na semana de referência,%,23.8,2025,2,2025-T2,23.8,False,Força de trabalho e informalidade,0.0,Não se aplica,32.84
4093,Santa Catarina,Masculino,Pessoas de 14 anos ou mais de idade ocupadas na semana de referência,Mil pessoas,2479.0,2025,3,2025-T3,2479.0,False,Força de trabalho e informalidade,0.4490586932447397,Não se aplica,29.14
4093,Santa Catarina,Feminino,Pessoas de 14 anos ou mais de idade ocupadas na semana de referência,Mil pessoas,1980.0,2025,3,2025-T3,1980.0,False,Força de trabalho e informalidade,0.1727574750830564,Não se aplica,29.14
4093,Santa Catarina,Masculino,Taxa de informalidade das pessoas de 14 anos ou mais de idade ocupadas na semana de referência,%,25.6,2025,3,2025-T3,25.6,False,Força de trabalho e informalidade,0.17821782178217838,Não se aplica,29.14
4093,Santa Catarina,Feminino,Taxa de informalidade das pessoas de 14 anos ou mais de idade ocupadas na semana de referência,%,24.0,2025,3,2025-T3,24.0,False,Força de trabalho e informalidade,0.01980198019801982,Não se aplica,29.14
4093,Santa Catarina,Masculino,Pessoas de 14 anos ou mais de idade ocupadas na semana de referência,Mil pessoas,2498.0,2025,4,2025-T4,2498.0,False,Força de trabalho e informalidade,0.45957918050941304,Não se aplica,31.62
4093,Santa Catarina,Feminino,Pessoas de 14 anos ou mais de idade ocupadas na semana de referência,Mil pessoas,1993.0,2025,4,2025-T4,1993.0,False,Força de trabalho e informalidade,0.17995570321151722,Não se aplica,31.62
4093,Santa Catarina,Masculino,Taxa de informalidade das pessoas de 14 anos ou mais de idade ocupadas na semana de referência,%,26.1,2025,4,2025-T4,26.1,False,Força de trabalho e informalidade,0.22772277227722793,Não se aplica,31.62
4093,Santa Catarina,Feminino,Taxa de informalidade das pessoas de 14 anos ou mais de idade ocupadas na semana de referência,%,25.2,2025,4,2025-T4,25.2,False,Força de trabalho e informalidade,0.13861386138613874,Não se aplica,31.62
4093,Rio Grande do Sul,Masculino,Pessoas de 14 anos ou mais de idade ocupadas na semana de referência,Mil pessoas,3095.0,2020,1,2020-T1,3095.0,False,Força de trabalho e informalidade,0.7901439645625693,Não se aplica,37.57
4093,Rio Grande do Sul,Feminino,Pessoas de 14 anos ou mais de idade ocupadas na semana de referência,Mil pessoas,2449.0,2020,1,2020-T1,2449.0,False,Força de trabalho e informalidade,0.43244739756367656,Não se aplica,37.57
4093,Rio Grande do Sul,Masculino,Taxa de informalidade das pessoas de 14 anos ou mais de idade ocupadas na semana de referência,%,32.6,2020,1,2020-T1,32.6,False,Força de trabalho e informalidade,0.8712871287128716,Não se aplica,37.57
4093,Rio Grande do Sul,Feminino,Taxa de informalidade das pessoas de 14 anos ou mais de idade ocupadas na semana de referência,%,32.1,2020,1,2020-T1,32.1,False,Força de trabalho e informalidade,0.8217821782178221,Não se aplica,37.57
4093,Rio Grande do Sul,Masculino,Pessoas de 14 anos ou mais de idade ocupadas na semana de referência,Mil pessoas,,2020,2,2020-T2,3191.25,False,Força de trabalho e informalidade,0.84343853820598,Não se aplica,
4093,Rio Grande do Sul,Feminino,Pessoas de 14 anos ou mais de idade ocupadas na semana de referência,Mil pessoas,,2020,2,2020-T2,2589.0625,False,Força de trabalho e informalidade,0.5100013842746401,Não se aplica,
4093,Rio Grande do Sul,Masculino,Taxa de informalidade das pessoas de 14 anos ou mais de idade ocupadas na semana de referência,%,,2020,2,2020-T2,32.60625,False,Força de trabalho e informalidade,0.8719059405940599,Não se aplica,
4093,Rio Grande do Sul,Feminino,Taxa de informalidade das pessoas de 14 anos ou mais de idade ocupadas na semana de referência,%,,2020,2,2020-T2,31.1,False,Força de trabalho e informalidade,0.722772277227723,Não se aplica,
4093,Rio Grande do Sul,Masculino,Pessoas de 14 anos ou mais de idade ocupadas na semana de referência,Mil pessoas,,2020,3,2020-T3,3191.25,False,Força de trabalho e informalidade,0.84343853820598,Não se aplica,
4093,Rio Grande do Sul,Feminino,Pessoas de 14 anos ou mais de idade ocupadas na semana de referência,Mil pessoas,,2020,3,2020-T3,2589.0625,False,Força de trabalho e informalidade,0.5100013842746401,Não se aplica,
4093,Rio Grande do Sul,Masculino,Taxa de informalidade das pessoas de 14 anos ou mais de idade ocupadas na semana de referência,%,,2020,3,2020-T3,32.60625,False,Força de trabalho e informalidade,0.8719059405940599,Não se aplica,
4093,Rio Grande do Sul,Feminino,Taxa de informalidade das pessoas de 14 anos ou mais de idade ocupadas na semana de referência,%,,2020,3,2020-T3,31.1,False,Força de trabalho e informalidade,0.722772277227723,Não se aplica,
4093,Rio Grande do Sul,Masculino,Pessoas de 14 anos ou mais de idade ocupadas na semana de referência,Mil pessoas,,2020,4,2020-T4,3191.25,False,Força de trabalho e informalidade,0.84343853820598,Não se aplica,
4093,Rio Grande do Sul,Feminino,Pessoas de 14 anos ou mais de idade ocupadas na semana de referência,Mil pessoas,,2020,4,2020-T4,2589.0625,False,Força de trabalho e informalidade,0.5100013842746401,Não se aplica,
4093,Rio Grande do Sul,Masculino,Taxa de informalidade das pessoas de 14 anos ou mais de idade ocupadas na semana de referência,%,,2020,4,2020-T4,32.60625,False,Força de trabalho e informalidade,0.8719059405940599,Não se aplica,
4093,Rio Grande do Sul,Feminino,Taxa de informalidade das pessoas de 14 anos ou mais de idade ocupadas na semana de referência,%,,2020,4,2020-T4,31.1,False,Força de trabalho e informalidade,0.722772277227723,Não se aplica,
4093,Rio Grande do Sul,Masculino,Pessoas de 14 anos ou mais de idade ocupadas na semana de referência,Mil pessoas,,2021,1,2021-T1,3191.25,False,Força de trabalho e informalidade,0.84343853820598,Não se aplica,
4093,Rio Grande do Sul,Feminino,Pessoas de 14 anos ou mais de idade ocupadas na semana de referência,Mil pessoas,,2021,1,2021-T1,2589.0625,False,Força de trabalho e informalidade,0.5100013842746401,Não se aplica,
4093,Rio Grande do Sul,Masculino,Taxa de informalidade das pessoas de 14 anos ou mais de idade ocupadas na semana de referência,%,,2021,1,2021-T1,32.60625,False,Força de trabalho e informalidade,0.8719059405940599,Não se aplica,
4093,Rio Grande do Sul,Feminino,Taxa de informalidade das pessoas de 14 anos ou mais de idade ocupadas na semana de referência,%,,2021,1,2021-T1,31.1,False,Força de trabalho e informalidade,0.722772277227723,Não se aplica,
4093,Rio Grande do Sul,Masculino,Pessoas de 14 anos ou mais de idade ocupadas na semana de referência,Mil pessoas,,2021,2,2021-T2,3191.25,False,Força de trabalho e informalidade,0.84343853820598,Não se aplica,
4093,Rio Grande do Sul,Feminino,Pessoas de 14 anos ou mais de idade ocupadas na semana de referência,Mil pessoas,,2021,2,2021-T2,2589.0625,False,Força de trabalho e informalidade,0.5100013842746401,Não se aplica,
4093,Rio Grande do Sul,Masculino,Taxa de informalidade das pessoas de 14 anos ou mais de idade ocupadas na semana de referência,%,,2021,2,2021-T2,32.60625,False,Força de trabalho e informalidade,0.8719059405940599,Não se aplica,
4093,Rio Grande do Sul,Feminino,Taxa de informalidade das pessoas de 14 anos ou mais de idade ocupadas na semana de referência,%,,2021,2,2021-T2,31.1,False,Força de trabalho e informalidade,0.722772277227723,Não se aplica,
4093,Rio Grande do Sul,Masculino,Pessoas de 14 anos ou mais de idade ocupadas na semana de referência,Mil pessoas,,2021,3,2021-T3,3191.25,False,Força de trabalho e informalidade,0.84343853820598,Não se aplica,
4093,Rio Grande do Sul,Feminino,Pessoas de 14 anos ou mais de idade ocupadas na semana de referência,Mil pessoas,,2021,3,2021-T3,2589.0625,False,Força de trabalho e informalidade,0.5100013842746401,Não se aplica,
4093,Rio Grande do Sul,Masculino,Taxa de informalidade das pessoas de 14 anos ou mais de idade ocupadas na semana de referência,%,,2021,3,2021-T3,32.60625,False,Força de trabalho e informalidade,0.8719059405940599,Não se aplica,
4093,Rio Grande do Sul,Feminino,Taxa de informalidade das pessoas de 14 anos ou mais de idade ocupadas na semana de referência,%,,2021,3,2021-T3,31.1,False,Força de trabalho e informalidade,0.722772277227723,Não se aplica,
4093,Rio Grande do Sul,Masculino,Pessoas de 14 anos ou mais de idade ocupadas na semana de referência,Mil pessoas,,2021,4,2021-T4,3191.25,False,Força de trabalho e informalidade,0.84343853820598,Não se aplica,
4093,Rio Grande do Sul,Feminino,Pessoas de 14 anos ou mais de idade ocupadas na semana de referência,Mil pessoas,,2021,4,2021-T4,2589.0625,False,Força de trabalho e informalidade,0.5100013842746401,Não se aplica,
4093,Rio Grande do Sul,Masculino,Taxa de informalidade das pessoas de 14 anos ou mais de idade ocupadas na semana de referência,%,,2021,4,2021-T4,32.60625,False,Força de trabalho e informalidade,0.8719059405940599,Não se aplica,
4093,Rio Grande do Sul,Feminino,Taxa de informalidade das pessoas de 14 anos ou mais de idade ocupadas na semana de referência,%,,2021,4,2021-T4,31.1,False,Força de trabalho e informalidade,0.722772277227723,Não se aplica,
4093,Rio Grande do Sul,Masculino,Pessoas de 14 anos ou mais de idade ocupadas na semana de referência,Mil pessoas,,2022,1,2022-T1,3191.25,False,Força de trabalho e informalidade,0.84343853820598,Não se aplica,
4093,Rio Grande do Sul,Feminino,Pessoas de 14 anos ou mais de idade ocupadas na semana de referência,Mil pessoas,,2022,1,2022-T1,2589.0625,False,Força de trabalho e informalidade,0.5100013842746401,Não se aplica,
4093,Rio Grande do Sul,Masculino,Taxa de informalidade das pessoas de 14 anos ou mais de idade ocupadas na semana de referência,%,,2022,1,2022-T1,32.60625,False,Força de trabalho e informalidade,0.8719059405940599,Não se aplica,
4093,Rio Grande do Sul,Feminino,Taxa de informalidade das pessoas de 14 anos ou mais de idade ocupadas na semana de referência,%,,2022,1,2022-T1,31.1,False,Força de trabalho e informalidade,0.722772277227723,Não se aplica,
4093,Rio Grande do Sul,Masculino,Pessoas de 14 anos ou mais de idade ocupadas na semana de referência,Mil pessoas,3148.0,2022,2,2022-T2,3148.0,False,Força de trabalho e informalidade,0.8194905869324475,Não se aplica,26.75
4093,Rio Grande do Sul,Feminino,Pessoas de 14 anos ou mais de idade ocupadas na semana de referência,Mil pessoas,2505.0,2022,2,2022-T2,2505.0,False,Força de trabalho e informalidade,0.4634551495016611,Não se aplica,26.75
4093,Rio Grande do Sul,Masculino,Taxa de informalidade das pessoas de 14 anos ou mais de idade ocupadas na semana de referência,%,33.8,2022,2,2022-T2,33.8,False,Força de trabalho e informalidade,0.9900990099009901,Não se aplica,26.75
4093,Rio Grande do Sul,Feminino,Taxa de informalidade das pessoas de 14 anos ou mais de idade ocupadas na semana de referência,%,31.8,2022,2,2022-T2,31.8,False,Força de trabalho e informalidade,0.7920792079207923,Não se aplica,26.75
4093,Rio Grande do Sul,Masculino,Pessoas de 14 anos ou mais de idade ocupadas na semana de referência,Mil pessoas,3206.0,2022,3,2022-T3,3206.0,False,Força de trabalho e informalidade,0.8516057585825026,Não se aplica,32.01
4093,Rio Grande do Sul,Feminino,Pessoas de 14 anos ou mais de idade ocupadas na semana de referência,Mil pessoas,2534.0,2022,3,2022-T3,2534.0,False,Força de trabalho e informalidade,0.4795127353266889,Não se aplica,32.01
4093,Rio Grande do Sul,Masculino,Taxa de informalidade das pessoas de 14 anos ou mais de idade ocupadas na semana de referência,%,31.7,2022,3,2022-T3,31.7,False,Força de trabalho e informalidade,0.7821782178217824,Não se aplica,32.01
4093,Rio Grande do Sul,Feminino,Taxa de informalidade das pessoas de 14 anos ou mais de idade ocupadas na semana de referência,%,31.5,2022,3,2022-T3,31.5,False,Força de trabalho e informalidade,0.7623762376237626,Não se aplica,32.01
4093,Rio Grande do Sul,Masculino,Pessoas de 14 anos ou mais de idade ocupadas na semana de referência,Mil pessoas,3250.0,2022,4,2022-T4,3250.0,False,Força de trabalho e informalidade,0.8759689922480619,Não se aplica,29.9
4093,Rio Grande do Sul,Feminino,Pessoas de 14 anos ou mais de idade ocupadas na semana de referência,Mil pessoas,2553.0,2022,4,2022-T4,2553.0,False,Força de trabalho e informalidade,0.49003322259136206,Não se aplica,29.9
4093,Rio Grande do Sul,Masculino,Taxa de informalidade das pessoas de 14 anos ou mais de idade ocupadas na semana de referência,%,32.5,2022,4,2022-T4,32.5,False,Força de trabalho e informalidade,0.8613861386138617,Não se aplica,29.9
4093,Rio Grande do Sul,Feminino,Taxa de informalidade das pessoas de 14 anos ou mais de idade ocupadas na semana de referência,%,31.1,2022,4,2022-T4,31.1,False,Força de trabalho e informalidade,0.722772277227723,Não se aplica,29.9
4093,Rio Grande do Sul,Masculino,Pessoas de 14 anos ou mais de idade ocupadas na semana de referência,Mil pessoas,3203.0,2023,1,2023-T1,3203.0,False,Força de trabalho e informalidade,0.8499446290143965,Não se aplica,28.43
4093,Rio Grande do Sul,Feminino,Pessoas de 14 anos ou mais de idade ocupadas na semana de referência,Mil pessoas,2577.0,2023,1,2023-T1,2577.0,False,Força de trabalho e informalidade,0.5033222591362126,Não se aplica,28.43
4093,Rio Grande do Sul,Masculino,Taxa de informalidade das pessoas de 14 anos ou mais de idade ocupadas na semana de referência,%,33.6,2023,1,2023-T1,33.6,False,Força de trabalho e informalidade,0.9702970297029707,Não se aplica,28.43
4093,Rio Grande do Sul,Feminino,Taxa de informalidade das pessoas de 14 anos ou mais de idade ocupadas na semana de referência,%,30.3,2023,1,2023-T1,30.3,False,Força de trabalho e informalidade,0.6435643564356437,Não se aplica,28.43
4093,Rio Grande do Sul,Masculino,Pessoas de 14 anos ou mais de idade ocupadas na semana de referência,Mil pessoas,3181.0,2023,2,2023-T2,3181.0,False,Força de trabalho e informalidade,0.8377630121816168,Não se aplica,28.84
4093,Rio Grande do Sul,Feminino,Pessoas de 14 anos ou mais de idade ocupadas na semana de referência,Mil pessoas,2611.0,2023,2,2023-T2,2611.0,False,Força de trabalho e informalidade,0.5221483942414175,Não se aplica,28.84
4093,Rio Grande do Sul,Masculino,Taxa de informalidade das pessoas de 14 anos ou mais de idade ocupadas na semana de referência,%,33.2,2023,2,2023-T2,33.2,False,Força de trabalho e informalidade,0.9306930693069311,Não se aplica,28.84
4093,Rio Grande do Sul,Feminino,Taxa de informalidade das pessoas de 14 anos ou mais de idade ocupadas na semana de referência,%,31.8,2023,2,2023-T2,31.8,False,Força de trabalho e informalidade,0.7920792079207923,Não se aplica,28.84
4093,Rio Grande do Sul,Masculino,Pessoas de 14 anos ou mais de idade ocupadas na semana de referência,Mil pessoas,3118.0,2023,3,2023-T3,3118.0,False,Força de trabalho e informalidade,0.8028792912513844,Não se aplica,36.1
4093,Rio Grande do Sul,Feminino,Pessoas de 14 anos ou mais de idade ocupadas na semana de referência,Mil pessoas,2575.0,2023,3,2023-T3,2575.0,False,Força de trabalho e informalidade,0.5022148394241418,Não se aplica,36.1
4093,Rio Grande do Sul,Masculino,Taxa de informalidade das pessoas de 14 anos ou mais de idade ocupadas na semana de referência,%,31.8,2023,3,2023-T3,31.8,False,Força de trabalho e informalidade,0.7920792079207923,Não se aplica,36.1
4093,Rio Grande do Sul,Feminino,Taxa de informalidade das pessoas de 14 anos ou mais de idade ocupadas na semana de referência,%,31.5,2023,3,2023-T3,31.5,False,Força de trabalho e informalidade,0.7623762376237626,Não se aplica,36.1
4093,Rio Grande do Sul,Masculino,Pessoas de 14 anos ou mais de idade ocupadas na semana de referência,Mil pessoas,3189.0,2023,4,2023-T4,3189.0,False,Força de trabalho e informalidade,0.8421926910299004,Não se aplica,29.69
4093,Rio Grande do Sul,Feminino,Pessoas de 14 anos ou mais de idade ocupadas na semana de referência,Mil pessoas,2609.0,2023,4,2023-T4,2609.0,False,Força de trabalho e informalidade,0.5210409745293466,Não se aplica,29.69
4093,Rio Grande do Sul,Masculino,Taxa de informalidade das pessoas de 14 anos ou mais de idade ocupadas na semana de referência,%,33.2,2023,4,2023-T4,33.2,False,Força de trabalho e informalidade,0.9306930693069311,Não se aplica,29.69
4093,Rio Grande do Sul,Feminino,Taxa de informalidade das pessoas de 14 anos ou mais de idade ocupadas na semana de referência,%,31.0,2023,4,2023-T4,31.0,False,Força de trabalho e informalidade,0.7128712871287131,Não se aplica,29.69
4093,Rio Grande do Sul,Masculino,Pessoas de 14 anos ou mais de idade ocupadas na semana de referência,Mil pessoas,3168.0,2024,1,2024-T1,3168.0,False,Força de trabalho e informalidade,0.8305647840531561,Não se aplica,30.85
4093,Rio Grande do Sul,Feminino,Pessoas de 14 anos ou mais de idade ocupadas na semana de referência,Mil pessoas,2580.0,2024,1,2024-T1,2580.0,False,Força de trabalho e informalidade,0.504983388704319,Não se aplica,30.85
4093,Rio Grande do Sul,Masculino,Taxa de informalidade das pessoas de 14 anos ou mais de idade ocupadas na semana de referência,%,32.3,2024,1,2024-T1,32.3,False,Força de trabalho e informalidade,0.8415841584158414,Não se aplica,30.85
4093,Rio Grande do Sul,Feminino,Taxa de informalidade das pessoas de 14 anos ou mais de idade ocupadas na semana de referência,%,31.5,2024,1,2024-T1,31.5,False,Força de trabalho e informalidade,0.7623762376237626,Não se aplica,30.85
4093,Rio Grande do Sul,Masculino,Pessoas de 14 anos ou mais de idade ocupadas na semana de referência,Mil pessoas,3163.0,2024,2,2024-T2,3163.0,False,Força de trabalho e informalidade,0.8277962347729789,Não se aplica,32.63
4093,Rio Grande do Sul,Feminino,Pessoas de 14 anos ou mais de idade ocupadas na semana de referência,Mil pessoas,2547.0,2024,2,2024-T2,2547.0,False,Força de trabalho e informalidade,0.4867109634551495,Não se aplica,32.63
4093,Rio Grande do Sul,Masculino,Taxa de informalidade das pessoas de 14 anos ou mais de idade ocupadas na semana de referência,%,32.8,2024,2,2024-T2,32.8,False,Força de trabalho e informalidade,0.891089108910891,Não se aplica,32.63
4093,Rio Grande do Sul,Feminino,Taxa de informalidade das pessoas de 14 anos ou mais de idade ocupadas na semana de referência,%,32.3,2024,2,2024-T2,32.3,False,Força de trabalho e informalidade,0.8415841584158414,Não se aplica,32.63
4093,Rio Grande do Sul,Masculino,Pessoas de 14 anos ou mais de idade ocupadas na semana de referência,Mil pessoas,3198.0,2024,3,2024-T3,3198.0,False,Força de trabalho e informalidade,0.8471760797342193,Não se aplica,32.39
4093,Rio Grande do Sul,Feminino,Pessoas de 14 anos ou mais de idade ocupadas na semana de referência,Mil pessoas,2632.0,2024,3,2024-T3,2632.0,False,Força de trabalho e informalidade,0.5337763012181617,Não se aplica,32.39
4093,Rio Grande do Sul,Masculino,Taxa de informalidade das pessoas de 14 anos ou mais de idade ocupadas na semana de referência,%,33.4,2024,3,2024-T3,33.4,False,Força de trabalho e informalidade,0.9504950495049505,Não se aplica,32.39
4093,Rio Grande do Sul,Feminino,Taxa de informalidade das pessoas de 14 anos ou mais de idade ocupadas na semana de referência,%,32.5,2024,3,2024-T3,32.5,False,Força de trabalho e informalidade,0.8613861386138617,Não se aplica,32.39
4093,Rio Grande do Sul,Masculino,Pessoas de 14 anos ou mais de idade ocupadas na semana de referência,Mil pessoas,3263.0,2024,4,2024-T4,3263.0,False,Força de trabalho e informalidade,0.8831672203765227,Não se aplica,30.65
4093,Rio Grande do Sul,Feminino,Pessoas de 14 anos ou mais de idade ocupadas na semana de referência,Mil pessoas,2655.0,2024,4,2024-T4,2655.0,False,Força de trabalho e informalidade,0.5465116279069767,Não se aplica,30.65
4093,Rio Grande do Sul,Masculino,Taxa de informalidade das pessoas de 14 anos ou mais de idade ocupadas na semana de referência,%,32.3,2024,4,2024-T4,32.3,False,Força de trabalho e informalidade,0.8415841584158414,Não se aplica,30.65
4093,Rio Grande do Sul,Feminino,Taxa de informalidade das pessoas de 14 anos ou mais de idade ocupadas na semana de referência,%,31.9,2024,4,2024-T4,31.9,False,Força de trabalho e informalidade,0.8019801980198022,Não se aplica,30.65
4093,Rio Grande do Sul,Masculino,Pessoas de 14 anos ou mais de idade ocupadas na semana de referência,Mil pessoas,3224.0,2025,1,2025-T1,3224.0,False,Força de trabalho e informalidade,0.8615725359911407,Não se aplica,30.78
4093,Rio Grande do Sul,Feminino,Pessoas de 14 anos ou mais de idade ocupadas na semana de referência,Mil pessoas,2648.0,2025,1,2025-T1,2648.0,False,Força de trabalho e informalidade,0.5426356589147286,Não se aplica,30.78
4093,Rio Grande do Sul,Masculino,Taxa de informalidade das pessoas de 14 anos ou mais de idade ocupadas na semana de referência,%,32.2,2025,1,2025-T1,32.2,False,Força de trabalho e informalidade,0.8316831683168324,Não se aplica,30.78
4093,Rio Grande do Sul,Feminino,Taxa de informalidade das pessoas de 14 anos ou mais de idade ocupadas na semana de referência,%,30.1,2025,1,2025-T1,30.1,False,Força de trabalho e informalidade,0.6237623762376243,Não se aplica,30.78
4093,Rio Grande do Sul,Masculino,Pessoas de 14 anos ou mais de idade ocupadas na semana de referência,Mil pessoas,3225.0,2025,2,2025-T2,3225.0,False,Força de trabalho e informalidade,0.862126245847176,Não se aplica,29.42
4093,Rio Grande do Sul,Feminino,Pessoas de 14 anos ou mais de idade ocupadas na semana de referência,Mil pessoas,2629.0,2025,2,2025-T2,2629.0,False,Força de trabalho e informalidade,0.5321151716500553,Não se aplica,29.42
4093,Rio Grande do Sul,Masculino,Taxa de informalidade das pessoas de 14 anos ou mais de idade ocupadas na semana de referência,%,32.3,2025,2,2025-T2,32.3,False,Força de trabalho e informalidade,0.8415841584158414,Não se aplica,29.42
4093,Rio Grande do Sul,Feminino,Taxa de informalidade das pessoas de 14 anos ou mais de idade ocupadas na semana de referência,%,29.7,2025,2,2025-T2,29.7,False,Força de trabalho e informalidade,0.5841584158415842,Não se aplica,29.42
4093,Rio Grande do Sul,Masculino,Pessoas de 14 anos ou mais de idade ocupadas na semana de referência,Mil pessoas,3189.0,2025,3,2025-T3,3189.0,False,Força de trabalho e informalidade,0.8421926910299004,Não se aplica,34.31
4093,Rio Grande do Sul,Feminino,Pessoas de 14 anos ou mais de idade ocupadas na semana de referência,Mil pessoas,2645.0,2025,3,2025-T3,2645.0,False,Força de trabalho e informalidade,0.5409745293466223,Não se aplica,34.31
4093,Rio Grande do Sul,Masculino,Taxa de informalidade das pessoas de 14 anos ou mais de idade ocupadas na semana de referência,%,32.8,2025,3,2025-T3,32.8,False,Força de trabalho e informalidade,0.891089108910891,Não se aplica,34.31
4093,Rio Grande do Sul,Feminino,Taxa de informalidade das pessoas de 14 anos ou mais de idade ocupadas na semana de referência,%,29.6,2025,3,2025-T3,29.6,False,Força de trabalho e informalidade,0.5742574257425748,Não se aplica,34.31
4093,Rio Grande do Sul,Masculino,Pessoas de 14 anos ou mais de idade ocupadas na semana de referência,Mil pessoas,3240.0,2025,4,2025-T4,3240.0,False,Força de trabalho e informalidade,0.8704318936877077,Não se aplica,31.84
4093,Rio Grande do Sul,Feminino,Pessoas de 14 anos ou mais de idade ocupadas na semana de referência,Mil pessoas,2676.0,2025,4,2025-T4,2676.0,False,Força de trabalho e informalidade,0.5581395348837209,Não se aplica,31.84
4093,Rio Grande do Sul,Masculino,Taxa de informalidade das pessoas de 14 anos ou mais de idade ocupadas na semana de referência,%,31.2,2025,4,2025-T4,31.2,False,Força de trabalho e informalidade,0.7326732673267329,Não se aplica,31.84
4093,Rio Grande do Sul,Feminino,Taxa de informalidade das pessoas de 14 anos ou mais de idade ocupadas na semana de referência,%,28.9,2025,4,2025-T4,28.9,False,Força de trabalho e informalidade,0.504950495049505,Não se aplica,31.84
5436,Paraná,Masculino,"Rendimento médio mensal real das pessoas de 14 anos ou mais de idade ocupadas na semana de referência com rendimento de trabalho, habitualmente recebido no trabalho principal",Reais,3918.0,2020,1,2020-T1,3918.0,False,Rendimento médio,0.6251236399604352,alto,37.33
5436,Paraná,Feminino,"Rendimento médio mensal real das pessoas de 14 anos ou mais de idade ocupadas na semana de referência com rendimento de trabalho, habitualmente recebido no trabalho principal",Reais,2853.0,2020,1,2020-T1,2853.0,False,Rendimento médio,0.09841740850642933,baixo,37.33
5436,Paraná,Masculino,"Rendimento médio mensal real das pessoas de 14 anos ou mais de idade ocupadas na semana de referência com rendimento de trabalho, habitualmente recebido no trabalho principal",Reais,3630.0,2022,2,2022-T2,3630.0,False,Rendimento médio,0.48269040553907017,médio,36.77
5436,Paraná,Feminino,"Rendimento médio mensal real das pessoas de 14 anos ou mais de idade ocupadas na semana de referência com rendimento de trabalho, habitualmente recebido no trabalho principal",Reais,2654.0,2022,2,2022-T2,2654.0,False,Rendimento médio,0.0,baixo,36.77
5436,Paraná,Masculino,"Rendimento médio mensal real das pessoas de 14 anos ou mais de idade ocupadas na semana de referência com rendimento de trabalho, habitualmente recebido no trabalho principal",Reais,3747.0,2022,3,2022-T3,3747.0,False,Rendimento médio,0.5405539070227496,médio,39.19
5436,Paraná,Feminino,"Rendimento médio mensal real das pessoas de 14 anos ou mais de idade ocupadas na semana de referência com rendimento de trabalho, habitualmente recebido no trabalho principal",Reais,2692.0,2022,3,2022-T3,2692.0,False,Rendimento médio,0.01879327398615227,baixo,39.19
5436,Paraná,Masculino,"Rendimento médio mensal real das pessoas de 14 anos ou mais de idade ocupadas na semana de referência com rendimento de trabalho, habitualmente recebido no trabalho principal",Reais,3780.0,2022,4,2022-T4,3780.0,False,Rendimento médio,0.5568743818001978,médio,34.71
5436,Paraná,Feminino,"Rendimento médio mensal real das pessoas de 14 anos ou mais de idade ocupadas na semana de referência com rendimento de trabalho, habitualmente recebido no trabalho principal",Reais,2806.0,2022,4,2022-T4,2806.0,False,Rendimento médio,0.0751730959446093,baixo,34.71
5436,Paraná,Masculino,"Rendimento médio mensal real das pessoas de 14 anos ou mais de idade ocupadas na semana de referência com rendimento de trabalho, habitualmente recebido no trabalho principal",Reais,3735.0,2023,1,2023-T1,3735.0,False,Rendimento médio,0.5346191889218594,médio,33.58
5436,Paraná,Feminino,"Rendimento médio mensal real das pessoas de 14 anos ou mais de idade ocupadas na semana de referência com rendimento de trabalho, habitualmente recebido no trabalho principal",Reais,2796.0,2023,1,2023-T1,2796.0,False,Rendimento médio,0.07022749752720081,baixo,33.58
5436,Paraná,Masculino,"Rendimento médio mensal real das pessoas de 14 anos ou mais de idade ocupadas na semana de referência com rendimento de trabalho, habitualmente recebido no trabalho principal",Reais,3800.0,2023,2,2023-T2,3800.0,False,Rendimento médio,0.5667655786350148,médio,37.33
5436,Paraná,Feminino,"Rendimento médio mensal real das pessoas de 14 anos ou mais de idade ocupadas na semana de referência com rendimento de trabalho, habitualmente recebido no trabalho principal",Reais,2767.0,2023,2,2023-T2,2767.0,False,Rendimento médio,0.05588526211671607,baixo,37.33
5436,Paraná,Masculino,"Rendimento médio mensal real das pessoas de 14 anos ou mais de idade ocupadas na semana de referência com rendimento de trabalho, habitualmente recebido no trabalho principal",Reais,3789.0,2023,3,2023-T3,3789.0,False,Rendimento médio,0.5613254203758655,médio,31.15
5436,Paraná,Feminino,"Rendimento médio mensal real das pessoas de 14 anos ou mais de idade ocupadas na semana de referência com rendimento de trabalho, habitualmente recebido no trabalho principal",Reais,2889.0,2023,3,2023-T3,2889.0,False,Rendimento médio,0.1162215628090999,baixo,31.15
5436,Paraná,Masculino,"Rendimento médio mensal real das pessoas de 14 anos ou mais de idade ocupadas na semana de referência com rendimento de trabalho, habitualmente recebido no trabalho principal",Reais,3851.0,2023,4,2023-T4,3851.0,False,Rendimento médio,0.5919881305637982,médio,33.99
5436,Paraná,Feminino,"Rendimento médio mensal real das pessoas de 14 anos ou mais de idade ocupadas na semana de referência com rendimento de trabalho, habitualmente recebido no trabalho principal",Reais,2874.0,2023,4,2023-T4,2874.0,False,Rendimento médio,0.10880316518298705,baixo,33.99
5436,Paraná,Masculino,"Rendimento médio mensal real das pessoas de 14 anos ou mais de idade ocupadas na semana de referência com rendimento de trabalho, habitualmente recebido no trabalho principal",Reais,3951.0,2024,1,2024-T1,3951.0,False,Rendimento médio,0.6414441147378833,alto,30.87
5436,Paraná,Feminino,"Rendimento médio mensal real das pessoas de 14 anos ou mais de idade ocupadas na semana de referência com rendimento de trabalho, habitualmente recebido no trabalho principal",Reais,3019.0,2024,1,2024-T1,3019.0,False,Rendimento médio,0.18051434223541052,baixo,30.87
5436,Paraná,Masculino,"Rendimento médio mensal real das pessoas de 14 anos ou mais de idade ocupadas na semana de referência com rendimento de trabalho, habitualmente recebido no trabalho principal",Reais,3992.0,2024,2,2024-T2,3992.0,False,Rendimento médio,0.661721068249258,alto,32.89
5436,Paraná,Feminino,"Rendimento médio mensal real das pessoas de 14 anos ou mais de idade ocupadas na semana de referência com rendimento de trabalho, habitualmente recebido no trabalho principal",Reais,3004.0,2024,2,2024-T2,3004.0,False,Rendimento médio,0.17309594460929767,baixo,32.89
5436,Paraná,Masculino,"Rendimento médio mensal real das pessoas de 14 anos ou mais de idade ocupadas na semana de referência com rendimento de trabalho, habitualmente recebido no trabalho principal",Reais,4050.0,2024,3,2024-T3,4050.0,False,Rendimento médio,0.6904055390702273,alto,30.18
5436,Paraná,Feminino,"Rendimento médio mensal real das pessoas de 14 anos ou mais de idade ocupadas na semana de referência com rendimento de trabalho, habitualmente recebido no trabalho principal",Reais,3111.0,2024,3,2024-T3,3111.0,False,Rendimento médio,0.22601384767556865,baixo,30.18
5436,Paraná,Masculino,"Rendimento médio mensal real das pessoas de 14 anos ou mais de idade ocupadas na semana de referência com rendimento de trabalho, habitualmente recebido no trabalho principal",Reais,4195.0,2024,4,2024-T4,4195.0,False,Rendimento médio,0.7621167161226508,alto,34.37
5436,Paraná,Feminino,"Rendimento médio mensal real das pessoas de 14 anos ou mais de idade ocupadas na semana de referência com rendimento de trabalho, habitualmente recebido no trabalho principal",Reais,3122.0,2024,4,2024-T4,3122.0,False,Rendimento médio,0.2314540059347181,baixo,34.37
5436,Paraná,Masculino,"Rendimento médio mensal real das pessoas de 14 anos ou mais de idade ocupadas na semana de referência com rendimento de trabalho, habitualmente recebido no trabalho principal",Reais,4216.0,2025,1,2025-T1,4216.0,False,Rendimento médio,0.7725024727992085,alto,33.67
5436,Paraná,Feminino,"Rendimento médio mensal real das pessoas de 14 anos ou mais de idade ocupadas na semana de referência com rendimento de trabalho, habitualmente recebido no trabalho principal",Reais,3154.0,2025,1,2025-T1,3154.0,False,Rendimento médio,0.24727992087042527,médio,33.67
5436,Paraná,Masculino,"Rendimento médio mensal real das pessoas de 14 anos ou mais de idade ocupadas na semana de referência com rendimento de trabalho, habitualmente recebido no trabalho principal",Reais,4216.0,2025,2,2025-T2,4216.0,False,Rendimento médio,0.7725024727992085,alto,30.97
5436,Paraná,Feminino,"Rendimento médio mensal real das pessoas de 14 anos ou mais de idade ocupadas na semana de referência com rendimento de trabalho, habitualmente recebido no trabalho principal",Reais,3219.0,2025,2,2025-T2,3219.0,False,Rendimento médio,0.2794263105835806,médio,30.97
5436,Paraná,Masculino,"Rendimento médio mensal real das pessoas de 14 anos ou mais de idade ocupadas na semana de referência com rendimento de trabalho, habitualmente recebido no trabalho principal",Reais,4543.0,2025,3,2025-T3,4543.0,False,Rendimento médio,0.9342235410484667,alto,36.3
5436,Paraná,Feminino,"Rendimento médio mensal real das pessoas de 14 anos ou mais de idade ocupadas na semana de referência com rendimento de trabalho, habitualmente recebido no trabalho principal",Reais,3333.0,2025,3,2025-T3,3333.0,False,Rendimento médio,0.3358061325420376,médio,36.3
5436,Paraná,Masculino,"Rendimento médio mensal real das pessoas de 14 anos ou mais de idade ocupadas na semana de referência com rendimento de trabalho, habitualmente recebido no trabalho principal",Reais,4535.0,2025,4,2025-T4,4535.0,False,Rendimento médio,0.9302670623145399,alto,31.45
5436,Paraná,Feminino,"Rendimento médio mensal real das pessoas de 14 anos ou mais de idade ocupadas na semana de referência com rendimento de trabalho, habitualmente recebido no trabalho principal",Reais,3450.0,2025,4,2025-T4,3450.0,False,Rendimento médio,0.3936696340257171,médio,31.45
5436,Santa Catarina,Masculino,"Rendimento médio mensal real das pessoas de 14 anos ou mais de idade ocupadas na semana de referência com rendimento de trabalho, habitualmente recebido no trabalho principal",Reais,3901.0,2020,1,2020-T1,3901.0,False,Rendimento médio,0.6167161226508406,médio,31.75
5436,Santa Catarina,Feminino,"Rendimento médio mensal real das pessoas de 14 anos ou mais de idade ocupadas na semana de referência com rendimento de trabalho, habitualmente recebido no trabalho principal",Reais,2961.0,2020,1,2020-T1,2961.0,False,Rendimento médio,0.15182987141444104,baixo,31.75
5436,Santa Catarina,Masculino,"Rendimento médio mensal real das pessoas de 14 anos ou mais de idade ocupadas na semana de referência com rendimento de trabalho, habitualmente recebido no trabalho principal",Reais,3826.0,2022,2,2022-T2,3826.0,False,Rendimento médio,0.5796241345202768,médio,36.35
5436,Santa Catarina,Feminino,"Rendimento médio mensal real das pessoas de 14 anos ou mais de idade ocupadas na semana de referência com rendimento de trabalho, habitualmente recebido no trabalho principal",Reais,2806.0,2022,2,2022-T2,2806.0,False,Rendimento médio,0.0751730959446093,baixo,36.35
5436,Santa Catarina,Masculino,"Rendimento médio mensal real das pessoas de 14 anos ou mais de idade ocupadas na semana de referência com rendimento de trabalho, habitualmente recebido no trabalho principal",Reais,3983.0,2022,3,2022-T3,3983.0,False,Rendimento médio,0.6572700296735905,alto,31.19
5436,Santa Catarina,Feminino,"Rendimento médio mensal real das pessoas de 14 anos ou mais de idade ocupadas na semana de referência com rendimento de trabalho, habitualmente recebido no trabalho principal",Reais,3036.0,2022,3,2022-T3,3036.0,False,Rendimento médio,0.18892185954500484,baixo,31.19
5436,Santa Catarina,Masculino,"Rendimento médio mensal real das pessoas de 14 anos ou mais de idade ocupadas na semana de referência com rendimento de trabalho, habitualmente recebido no trabalho principal",Reais,3967.0,2022,4,2022-T4,3967.0,False,Rendimento médio,0.6493570722057369,alto,32.23
5436,Santa Catarina,Feminino,"Rendimento médio mensal real das pessoas de 14 anos ou mais de idade ocupadas na semana de referência com rendimento de trabalho, habitualmente recebido no trabalho principal",Reais,3000.0,2022,4,2022-T4,3000.0,False,Rendimento médio,0.17111770524233427,baixo,32.23
5436,Santa Catarina,Masculino,"Rendimento médio mensal real das pessoas de 14 anos ou mais de idade ocupadas na semana de referência com rendimento de trabalho, habitualmente recebido no trabalho principal",Reais,3964.0,2023,1,2023-T1,3964.0,False,Rendimento médio,0.6478733926805142,alto,31.13
5436,Santa Catarina,Feminino,"Rendimento médio mensal real das pessoas de 14 anos ou mais de idade ocupadas na semana de referência com rendimento de trabalho, habitualmente recebido no trabalho principal",Reais,3023.0,2023,1,2023-T1,3023.0,False,Rendimento médio,0.18249258160237392,baixo,31.13
5436,Santa Catarina,Masculino,"Rendimento médio mensal real das pessoas de 14 anos ou mais de idade ocupadas na semana de referência com rendimento de trabalho, habitualmente recebido no trabalho principal",Reais,3895.0,2023,2,2023-T2,3895.0,False,Rendimento médio,0.6137487636003955,médio,26.3
5436,Santa Catarina,Feminino,"Rendimento médio mensal real das pessoas de 14 anos ou mais de idade ocupadas na semana de referência com rendimento de trabalho, habitualmente recebido no trabalho principal",Reais,3084.0,2023,2,2023-T2,3084.0,False,Rendimento médio,0.21266073194856583,baixo,26.3
5436,Santa Catarina,Masculino,"Rendimento médio mensal real das pessoas de 14 anos ou mais de idade ocupadas na semana de referência com rendimento de trabalho, habitualmente recebido no trabalho principal",Reais,4004.0,2023,3,2023-T3,4004.0,False,Rendimento médio,0.6676557863501482,alto,27.56
5436,Santa Catarina,Feminino,"Rendimento médio mensal real das pessoas de 14 anos ou mais de idade ocupadas na semana de referência com rendimento de trabalho, habitualmente recebido no trabalho principal",Reais,3139.0,2023,3,2023-T3,3139.0,False,Rendimento médio,0.23986152324431242,baixo,27.56
5436,Santa Catarina,Masculino,"Rendimento médio mensal real das pessoas de 14 anos ou mais de idade ocupadas na semana de referência com rendimento de trabalho, habitualmente recebido no trabalho principal",Reais,4070.0,2023,4,2023-T4,4070.0,False,Rendimento médio,0.7002967359050443,alto,30.91
5436,Santa Catarina,Feminino,"Rendimento médio mensal real das pessoas de 14 anos ou mais de idade ocupadas na semana de referência com rendimento de trabalho, habitualmente recebido no trabalho principal",Reais,3109.0,2023,4,2023-T4,3109.0,False,Rendimento médio,0.22502472799208695,baixo,30.91
5436,Santa Catarina,Masculino,"Rendimento médio mensal real das pessoas de 14 anos ou mais de idade ocupadas na semana de referência com rendimento de trabalho, habitualmente recebido no trabalho principal",Reais,4033.0,2024,1,2024-T1,4033.0,False,Rendimento médio,0.681998021760633,alto,27.91
5436,Santa Catarina,Feminino,"Rendimento médio mensal real das pessoas de 14 anos ou mais de idade ocupadas na semana de referência com rendimento de trabalho, habitualmente recebido no trabalho principal",Reais,3153.0,2024,1,2024-T1,3153.0,False,Rendimento médio,0.24678536102868454,baixo,27.91
5436,Santa Catarina,Masculino,"Rendimento médio mensal real das pessoas de 14 anos ou mais de idade ocupadas na semana de referência com rendimento de trabalho, habitualmente recebido no trabalho principal",Reais,4149.0,2024,2,2024-T2,4149.0,False,Rendimento médio,0.7393669634025715,alto,31.05
5436,Santa Catarina,Feminino,"Rendimento médio mensal real das pessoas de 14 anos ou mais de idade ocupadas na semana de referência com rendimento de trabalho, habitualmente recebido no trabalho principal",Reais,3166.0,2024,2,2024-T2,3166.0,False,Rendimento médio,0.25321463897131546,médio,31.05
5436,Santa Catarina,Masculino,"Rendimento médio mensal real das pessoas de 14 anos ou mais de idade ocupadas na semana de referência com rendimento de trabalho, habitualmente recebido no trabalho principal",Reais,4255.0,2024,3,2024-T3,4255.0,False,Rendimento médio,0.7917903066271017,alto,31.77
5436,Santa Catarina,Feminino,"Rendimento médio mensal real das pessoas de 14 anos ou mais de idade ocupadas na semana de referência com rendimento de trabalho, habitualmente recebido no trabalho principal",Reais,3229.0,2024,3,2024-T3,3229.0,False,Rendimento médio,0.2843719090009891,médio,31.77
5436,Santa Catarina,Masculino,"Rendimento médio mensal real das pessoas de 14 anos ou mais de idade ocupadas na semana de referência com rendimento de trabalho, habitualmente recebido no trabalho principal",Reais,4314.0,2024,4,2024-T4,4314.0,False,Rendimento médio,0.8209693372898119,alto,30.14
5436,Santa Catarina,Feminino,"Rendimento médio mensal real das pessoas de 14 anos ou mais de idade ocupadas na semana de referência com rendimento de trabalho, habitualmente recebido no trabalho principal",Reais,3315.0,2024,4,2024-T4,3315.0,False,Rendimento médio,0.32690405539070233,médio,30.14
5436,Santa Catarina,Masculino,"Rendimento médio mensal real das pessoas de 14 anos ou mais de idade ocupadas na semana de referência com rendimento de trabalho, habitualmente recebido no trabalho principal",Reais,4574.0,2025,1,2025-T1,4574.0,False,Rendimento médio,0.9495548961424332,alto,30.8
5436,Santa Catarina,Feminino,"Rendimento médio mensal real das pessoas de 14 anos ou mais de idade ocupadas na semana de referência com rendimento de trabalho, habitualmente recebido no trabalho principal",Reais,3497.0,2025,1,2025-T1,3497.0,False,Rendimento médio,0.4169139465875371,médio,30.8
5436,Santa Catarina,Masculino,"Rendimento médio mensal real das pessoas de 14 anos ou mais de idade ocupadas na semana de referência com rendimento de trabalho, habitualmente recebido no trabalho principal",Reais,4624.0,2025,2,2025-T2,4624.0,False,Rendimento médio,0.9742828882294758,alto,32.84
5436,Santa Catarina,Feminino,"Rendimento médio mensal real das pessoas de 14 anos ou mais de idade ocupadas na semana de referência com rendimento de trabalho, habitualmente recebido no trabalho principal",Reais,3481.0,2025,2,2025-T2,3481.0,False,Rendimento médio,0.4090009891196835,médio,32.84
5436,Santa Catarina,Masculino,"Rendimento médio mensal real das pessoas de 14 anos ou mais de idade ocupadas na semana de referência com rendimento de trabalho, habitualmente recebido no trabalho principal",Reais,4676.0,2025,3,2025-T3,4676.0,False,Rendimento médio,1.0,alto,29.14
5436,Santa Catarina,Feminino,"Rendimento médio mensal real das pessoas de 14 anos ou mais de idade ocupadas na semana de referência com rendimento de trabalho, habitualmente recebido no trabalho principal",Reais,3621.0,2025,3,2025-T3,3621.0,False,Rendimento médio,0.4782393669634024,médio,29.14
5436,Santa Catarina,Masculino,"Rendimento médio mensal real das pessoas de 14 anos ou mais de idade ocupadas na semana de referência com rendimento de trabalho, habitualmente recebido no trabalho principal",Reais,4670.0,2025,4,2025-T4,4670.0,False,Rendimento médio,0.9970326409495547,alto,31.62
5436,Santa Catarina,Feminino,"Rendimento médio mensal real das pessoas de 14 anos ou mais de idade ocupadas na semana de referência com rendimento de trabalho, habitualmente recebido no trabalho principal",Reais,3548.0,2025,4,2025-T4,3548.0,False,Rendimento médio,0.44213649851632053,médio,31.62
5436,Rio Grande do Sul,Masculino,"Rendimento médio mensal real das pessoas de 14 anos ou mais de idade ocupadas na semana de referência com rendimento de trabalho, habitualmente recebido no trabalho principal",Reais,3863.0,2020,1,2020-T1,3863.0,False,Rendimento médio,0.5979228486646884,médio,37.57
5436,Rio Grande do Sul,Feminino,"Rendimento médio mensal real das pessoas de 14 anos ou mais de idade ocupadas na semana de referência com rendimento de trabalho, habitualmente recebido no trabalho principal",Reais,2808.0,2020,1,2020-T1,2808.0,False,Rendimento médio,0.076162215628091,baixo,37.57
5436,Rio Grande do Sul,Masculino,"Rendimento médio mensal real das pessoas de 14 anos ou mais de idade ocupadas na semana de referência com rendimento de trabalho, habitualmente recebido no trabalho principal",Reais,3582.0,2022,2,2022-T2,3582.0,False,Rendimento médio,0.4589515331355094,médio,26.75
5436,Rio Grande do Sul,Feminino,"Rendimento médio mensal real das pessoas de 14 anos ou mais de idade ocupadas na semana de referência com rendimento de trabalho, habitualmente recebido no trabalho principal",Reais,2826.0,2022,2,2022-T2,2826.0,False,Rendimento médio,0.08506429277942629,baixo,26.75
5436,Rio Grande do Sul,Masculino,"Rendimento médio mensal real das pessoas de 14 anos ou mais de idade ocupadas na semana de referência com rendimento de trabalho, habitualmente recebido no trabalho principal",Reais,3885.0,2022,3,2022-T3,3885.0,False,Rendimento médio,0.608803165182987,médio,32.01
5436,Rio Grande do Sul,Feminino,"Rendimento médio mensal real das pessoas de 14 anos ou mais de idade ocupadas na semana de referência com rendimento de trabalho, habitualmente recebido no trabalho principal",Reais,2943.0,2022,3,2022-T3,2943.0,False,Rendimento médio,0.14292779426310576,baixo,32.01
5436,Rio Grande do Sul,Masculino,"Rendimento médio mensal real das pessoas de 14 anos ou mais de idade ocupadas na semana de referência com rendimento de trabalho, habitualmente recebido no trabalho principal",Reais,3936.0,2022,4,2022-T4,3936.0,False,Rendimento médio,0.6340257171117705,alto,29.9
5436,Rio Grande do Sul,Feminino,"Rendimento médio mensal real das pessoas de 14 anos ou mais de idade ocupadas na semana de referência com rendimento de trabalho, habitualmente recebido no trabalho principal",Reais,3030.0,2022,4,2022-T4,3030.0,False,Rendimento médio,0.18595450049455975,baixo,29.9
5436,Rio Grande do Sul,Masculino,"Rendimento médio mensal real das pessoas de 14 anos ou mais de idade ocupadas na semana de referência com rendimento de trabalho, habitualmente recebido no trabalho principal",Reais,3831.0,2023,1,2023-T1,3831.0,False,Rendimento médio,0.5820969337289812,médio,28.43
5436,Rio Grande do Sul,Feminino,"Rendimento médio mensal real das pessoas de 14 anos ou mais de idade ocupadas na semana de referência com rendimento de trabalho, habitualmente recebido no trabalho principal",Reais,2983.0,2023,1,2023-T1,2983.0,False,Rendimento médio,0.16271018793273972,baixo,28.43
5436,Rio Grande do Sul,Masculino,"Rendimento médio mensal real das pessoas de 14 anos ou mais de idade ocupadas na semana de referência com rendimento de trabalho, habitualmente recebido no trabalho principal",Reais,3811.0,2023,2,2023-T2,3811.0,False,Rendimento médio,0.5722057368941642,médio,28.84
5436,Rio Grande do Sul,Feminino,"Rendimento médio mensal real das pessoas de 14 anos ou mais de idade ocupadas na semana de referência com rendimento de trabalho, habitualmente recebido no trabalho principal",Reais,2958.0,2023,2,2023-T2,2958.0,False,Rendimento médio,0.1503461918892186,baixo,28.84
5436,Rio Grande do Sul,Masculino,"Rendimento médio mensal real das pessoas de 14 anos ou mais de idade ocupadas na semana de referência com rendimento de trabalho, habitualmente recebido no trabalho principal",Reais,3996.0,2023,3,2023-T3,3996.0,False,Rendimento médio,0.6636993076162214,alto,36.1
5436,Rio Grande do Sul,Feminino,"Rendimento médio mensal real das pessoas de 14 anos ou mais de idade ocupadas na semana de referência com rendimento de trabalho, habitualmente recebido no trabalho principal",Reais,2936.0,2023,3,2023-T3,2936.0,False,Rendimento médio,0.13946587537091992,baixo,36.1
5436,Rio Grande do Sul,Masculino,"Rendimento médio mensal real das pessoas de 14 anos ou mais de idade ocupadas na semana de referência com rendimento de trabalho, habitualmente recebido no trabalho principal",Reais,3901.0,2023,4,2023-T4,3901.0,False,Rendimento médio,0.6167161226508406,médio,29.69
5436,Rio Grande do Sul,Feminino,"Rendimento médio mensal real das pessoas de 14 anos ou mais de idade ocupadas na semana de referência com rendimento de trabalho, habitualmente recebido no trabalho principal",Reais,3008.0,2023,4,2023-T4,3008.0,False,Rendimento médio,0.17507418397626107,baixo,29.69
5436,Rio Grande do Sul,Masculino,"Rendimento médio mensal real das pessoas de 14 anos ou mais de idade ocupadas na semana de referência com rendimento de trabalho, habitualmente recebido no trabalho principal",Reais,3940.0,2024,1,2024-T1,3940.0,False,Rendimento médio,0.6360039564787339,alto,30.85
5436,Rio Grande do Sul,Feminino,"Rendimento médio mensal real das pessoas de 14 anos ou mais de idade ocupadas na semana de referência com rendimento de trabalho, habitualmente recebido no trabalho principal",Reais,3011.0,2024,1,2024-T1,3011.0,False,Rendimento médio,0.17655786350148372,baixo,30.85
5436,Rio Grande do Sul,Masculino,"Rendimento médio mensal real das pessoas de 14 anos ou mais de idade ocupadas na semana de referência com rendimento de trabalho, habitualmente recebido no trabalho principal",Reais,4158.0,2024,2,2024-T2,4158.0,False,Rendimento médio,0.7438180019782394,alto,32.63
5436,Rio Grande do Sul,Feminino,"Rendimento médio mensal real das pessoas de 14 anos ou mais de idade ocupadas na semana de referência com rendimento de trabalho, habitualmente recebido no trabalho principal",Reais,3135.0,2024,2,2024-T2,3135.0,False,Rendimento médio,0.23788328387734903,baixo,32.63
5436,Rio Grande do Sul,Masculino,"Rendimento médio mensal real das pessoas de 14 anos ou mais de idade ocupadas na semana de referência com rendimento de trabalho, habitualmente recebido no trabalho principal",Reais,4075.0,2024,3,2024-T3,4075.0,False,Rendimento médio,0.7027695351137488,alto,32.39
5436,Rio Grande do Sul,Feminino,"Rendimento médio mensal real das pessoas de 14 anos ou mais de idade ocupadas na semana de referência com rendimento de trabalho, habitualmente recebido no trabalho principal",Reais,3078.0,2024,3,2024-T3,3078.0,False,Rendimento médio,0.20969337289812073,baixo,32.39
5436,Rio Grande do Sul,Masculino,"Rendimento médio mensal real das pessoas de 14 anos ou mais de idade ocupadas na semana de referência com rendimento de trabalho, habitualmente recebido no trabalho principal",Reais,4207.0,2024,4,2024-T4,4207.0,False,Rendimento médio,0.7680514342235409,alto,30.65
5436,Rio Grande do Sul,Feminino,"Rendimento médio mensal real das pessoas de 14 anos ou mais de idade ocupadas na semana de referência com rendimento de trabalho, habitualmente recebido no trabalho principal",Reais,3220.0,2024,4,2024-T4,3220.0,False,Rendimento médio,0.2799208704253213,médio,30.65
5436,Rio Grande do Sul,Masculino,"Rendimento médio mensal real das pessoas de 14 anos ou mais de idade ocupadas na semana de referência com rendimento de trabalho, habitualmente recebido no trabalho principal",Reais,4223.0,2025,1,2025-T1,4223.0,False,Rendimento médio,0.7759643916913945,alto,30.78
5436,Rio Grande do Sul,Feminino,"Rendimento médio mensal real das pessoas de 14 anos ou mais de idade ocupadas na semana de referência com rendimento de trabalho, habitualmente recebido no trabalho principal",Reais,3229.0,2025,1,2025-T1,3229.0,False,Rendimento médio,0.2843719090009891,médio,30.78
5436,Rio Grande do Sul,Masculino,"Rendimento médio mensal real das pessoas de 14 anos ou mais de idade ocupadas na semana de referência com rendimento de trabalho, habitualmente recebido no trabalho principal",Reais,4183.0,2025,2,2025-T2,4183.0,False,Rendimento médio,0.7561819980217606,alto,29.42
5436,Rio Grande do Sul,Feminino,"Rendimento médio mensal real das pessoas de 14 anos ou mais de idade ocupadas na semana de referência com rendimento de trabalho, habitualmente recebido no trabalho principal",Reais,3232.0,2025,2,2025-T2,3232.0,False,Rendimento médio,0.28585558852621173,médio,29.42
5436,Rio Grande do Sul,Masculino,"Rendimento médio mensal real das pessoas de 14 anos ou mais de idade ocupadas na semana de referência com rendimento de trabalho, habitualmente recebido no trabalho principal",Reais,4326.0,2025,3,2025-T3,4326.0,False,Rendimento médio,0.8269040553907021,alto,34.31
5436,Rio Grande do Sul,Feminino,"Rendimento médio mensal real das pessoas de 14 anos ou mais de idade ocupadas na semana de referência com rendimento de trabalho, habitualmente recebido no trabalho principal",Reais,3221.0,2025,3,2025-T3,3221.0,False,Rendimento médio,0.2804154302670623,médio,34.31
5436,Rio Grande do Sul,Masculino,"Rendimento médio mensal real das pessoas de 14 anos ou mais de idade ocupadas na semana de referência com rendimento de trabalho, habitualmente recebido no trabalho principal",Reais,4364.0,2025,4,2025-T4,4364.0,False,Rendimento médio,0.8456973293768546,alto,31.84
5436,Rio Grande do Sul,Feminino,"Rendimento médio mensal real das pessoas de 14 anos ou mais de idade ocupadas na semana de referência com rendimento de trabalho, habitualmente recebido no trabalho principal",Reais,3310.0,2025,4,2025-T4,3310.0,False,Rendimento médio,0.324431256181998,médio,31.84
